year,age_group,category,a,b,c,d,hki_total,e,f,g,kle_total,h,j,klw_total,k,l,m,s,t,ntw_total,n,p,q,r,nte_total,total
2005,18-20,F,"1,052",510,"3,312","1,689","6,563","1,070","1,763","1,614","4,447","2,415","3,142","5,557","1,346","3,836","3,803","3,108",537,"12,630","2,244","2,508","2,419","4,236","11,407","40,604"
2005,18-20,M,"1,099",478,"3,188","1,557","6,322","1,075","1,677","1,574","4,326","2,558","3,371","5,929","1,360","3,729","3,702","3,089",541,"12,421","2,211","2,424","2,478","4,046","11,159","40,157"
2005,21-25,F,"3,033","1,405","8,962","4,411","17,811","2,914","4,599","4,268","11,781","6,843","9,195","16,038","3,553","9,684","7,973","8,561","1,504","31,275","5,923","6,754","5,654","12,221","30,552","107,457"
2005,21-25,M,"2,823","1,385","8,628","4,288","17,124","2,979","4,475","4,017","11,471","6,717","9,535","16,252","3,384","9,643","7,809","8,155","1,392","30,383","5,624","6,404","5,337","11,905","29,270","104,500"
2005,26-30,F,"3,813","2,107","11,269","4,732","21,921","4,326","5,175","5,634","15,135","7,854","10,346","18,200","4,901","10,857","9,048","10,104","1,850","36,760","4,622","5,315","7,095","13,762","30,794","122,810"
2005,26-30,M,"3,829","2,059","11,527","4,929","22,344","4,718","5,377","5,879","15,974","8,178","11,329","19,507","5,196","11,931","9,390","10,931","1,874","39,322","4,931","5,620","6,886","14,685","32,122","129,269"
2005,31-35,F,"4,614","2,447","12,528","5,297","24,886","5,085","5,352","6,673","17,110","8,728","11,054","19,782","6,002","8,823","9,954","11,042","2,294","38,115","5,184","4,718","9,862","12,540","32,304","132,197"
2005,31-35,M,"4,425","2,526","12,479","5,404","24,834","5,712","5,855","7,136","18,703","9,333","11,930","21,263","6,065","9,026","10,374","12,780","2,250","40,495","5,162","4,697","9,406","12,413","31,678","136,973"
2005,36-40,F,"5,502","2,941","14,823","6,727","29,993","4,988","6,096","7,488","18,572","10,324","12,762","23,086","7,161","11,717","12,579","10,939","2,750","45,146","7,454","7,011","11,099","14,977","40,541","157,338"
2005,36-40,M,"4,966","2,759","13,849","6,330","27,904","5,449","6,392","7,265","19,106","10,932","13,810","24,742","6,737","10,727","12,500","12,058","2,824","44,846","6,875","6,034","10,889","13,463","37,261","153,859"
2005,41-45,F,"7,025","3,869","20,508","8,866","40,268","5,781","8,282","9,526","23,589","14,635","16,375","31,010","8,722","17,600","16,090","13,708","3,326","59,446","10,609","12,096","13,284","22,109","58,098","212,411"
2005,41-45,M,"6,689","3,583","19,332","8,580","38,184","6,044","8,662","9,350","24,056","15,656","17,217","32,873","8,923","16,414","17,683","14,195","3,688","60,903","10,092","10,136","13,689","20,024","53,941","209,957"
2005,46-50,F,"6,844","4,088","19,547","8,722","39,201","5,675","8,926","9,003","23,604","13,292","15,900","29,192","7,542","18,077","13,750","14,000","3,025","56,394","10,020","11,706","11,373","22,403","55,502","203,893"
2005,46-50,M,"7,118","3,945","19,825","8,717","39,605","5,984","9,608","9,042","24,634","14,529","16,624","31,153","7,877","17,472","16,999","14,380","3,538","60,266","10,568","11,807","12,699","21,597","56,671","212,329"
2005,51-55,F,"5,896","3,774","16,963","7,000","33,633","5,194","7,084","8,182","20,460","9,811","13,641","23,452","5,911","14,245","9,137","11,710","2,170","43,173","6,169","7,777","7,768","18,290","40,004","160,722"
2005,51-55,M,"6,321","3,929","17,021","7,356","34,627","5,752","8,255","8,005","22,012","10,669","14,085","24,754","6,193","15,235","11,693","11,887","2,792","47,800","7,870","8,933","8,950","18,317","44,070","173,263"
2005,56-60,F,"4,213","2,945","12,657","5,132","24,947","4,319","5,284","6,787","16,390","7,286","10,423","17,709","4,564","7,237","5,276","9,897","1,330","28,304","3,230","3,959","5,017","11,361","23,567","110,917"
2005,56-60,M,"4,911","3,246","13,393","5,287","26,837","4,512","6,008","6,650","17,170","7,410","10,504","17,914","4,710","10,004","7,213","9,473","1,839","33,239","4,472","5,319","6,080","13,059","28,930","124,090"
2005,61-65,F,"2,274","1,790","7,536","2,965","14,565","2,800","3,654","4,670","11,124","5,381","7,682","13,063","2,975","3,541","3,228","6,781",832,"17,357","1,989","2,158","3,059","5,897","13,103","69,212"
2005,61-65,M,"2,737","2,033","8,650","3,216","16,636","3,483","4,573","5,107","13,163","6,042","9,780","15,822","3,691","6,274","5,079","8,756","1,133","24,933","3,003","3,241","3,932","8,286","18,462","89,016"
2005,66-70,F,"2,374","1,900","8,102","3,452","15,828","3,046","4,324","5,106","12,476","7,671","8,843","16,514","2,887","3,296","3,524","6,222",912,"16,841","2,320","2,260","2,893","5,759","13,232","74,891"
2005,66-70,M,"2,929","2,110","9,121","3,792","17,952","3,867","5,519","5,726","15,112","6,952","10,698","17,650","3,561","4,793","4,594","8,365","1,177","22,490","2,845","2,941","3,489","7,245","16,520","89,724"
2005,71 or above,F,"5,343","4,495","18,999","9,189","38,026","6,510","12,265","10,491","29,266","20,523","21,316","41,839","5,548","8,082","9,079","13,095","2,847","38,651","7,005","6,213","6,622","14,161","34,001","181,783"
2005,71 or above,M,"6,113","4,778","17,677","8,345","36,913","7,526","12,769","11,072","31,367","18,435","21,925","40,360","6,083","7,723","9,090","13,708","2,527","39,131","6,132","5,410","5,979","12,858","30,379","178,150"
2005,Total,F,"51,983","32,271","155,206","68,182","307,642","51,708","72,804","79,442","203,954","114,763","140,679","255,442","61,112","116,995","103,441","119,167","23,377","424,092","66,769","72,475","86,145","157,716","383,105","1,574,235"
2005,Total,M,"53,960","32,831","154,690","67,801","309,282","57,101","79,170","80,823","217,094","117,411","150,808","268,219","63,780","122,971","116,126","127,777","25,575","456,229","69,785","72,966","89,814","157,898","390,463","1,641,287"
2005,Grand Total,,"105,943","65,102","309,896","135,983","616,924","108,809","151,974","160,265","421,048","232,174","291,487","523,661","124,892","239,966","219,567","246,944","48,952","880,321","136,554","145,441","175,959","315,614","773,568","3,215,522"
2006,18-20,F,605,296,"1,894",952,"3,747",646,"1,132","1,001","2,779","1,502","1,936","3,438",816,"2,589","2,706","1,896",312,"8,319","1,477","1,585","1,515","2,593","7,170","25,453"
2006,18-20,M,642,272,"1,839",851,"3,604",698,"1,082",984,"2,764","1,656","2,174","3,830",876,"2,586","2,606","1,964",346,"8,378","1,504","1,520","1,657","2,603","7,284","25,860"
2006,21-25,F,"2,866","1,296","8,516","4,272","16,950","2,694","4,511","4,017","11,222","6,368","8,641","15,009","3,404","8,865","7,845","8,144","1,511","29,769","5,751","6,446","5,742","11,446","29,385","102,335"
2006,21-25,M,"2,718","1,223","8,073","4,122","16,136","2,675","4,287","3,753","10,715","6,164","8,868","15,032","3,125","8,635","7,594","7,624","1,339","28,317","5,379","6,088","5,295","10,860","27,622","97,822"
2006,26-30,F,"3,787","1,951","10,665","4,553","20,956","4,195","5,190","5,379","14,764","7,280","10,227","17,507","4,946","10,912","9,036","9,599","1,796","36,289","4,759","5,553","7,230","13,366","30,908","120,424"
2006,26-30,M,"3,607","1,914","10,881","4,674","21,076","4,480","5,341","5,431","15,252","7,572","10,762","18,334","5,028","11,950","9,196","10,106","1,906","38,186","5,135","5,755","6,866","14,085","31,841","124,689"
2006,31-35,F,"4,622","2,462","12,221","5,223","24,528","5,225","5,561","6,546","17,332","8,317","10,682","18,999","6,409","8,964","10,191","11,039","2,324","38,927","4,843","4,716","10,450","12,494","32,503","132,289"
2006,31-35,M,"4,374","2,478","12,322","5,386","24,560","5,797","6,102","7,038","18,937","8,955","11,815","20,770","6,491","9,723","10,839","12,754","2,286","42,093","4,973","4,894","9,965","13,064","32,896","139,256"
2006,36-40,F,"5,157","2,811","13,773","6,167","27,908","4,865","5,743","7,208","17,816","9,455","12,100","21,555","6,698","10,459","11,718","10,440","2,663","41,978","6,766","6,080","10,699","13,694","37,239","146,496"
2006,36-40,M,"4,697","2,688","12,961","5,936","26,282","5,435","6,157","7,025","18,617","10,087","13,107","23,194","6,439","9,679","11,747","11,877","2,703","42,445","6,189","5,411","10,440","12,250","34,290","144,828"
2006,41-45,F,"6,725","3,592","19,598","8,677","38,592","5,661","7,920","9,268","22,849","14,158","15,699","29,857","8,719","16,684","15,832","13,238","3,322","57,795","10,129","11,137","13,122","20,909","55,297","204,390"
2006,41-45,M,"6,364","3,365","18,316","8,189","36,234","5,853","8,255","8,958","23,066","14,785","16,738","31,523","8,576","15,170","16,667","13,542","3,574","57,529","9,517","9,117","13,318","18,726","50,678","199,030"
2006,46-50,F,"6,871","4,042","19,797","8,775","39,485","5,680","9,049","9,025","23,754","13,760","16,214","29,974","7,670","18,170","14,390","14,152","3,143","57,525","10,418","12,267","12,125","22,825","57,635","208,373"
2006,46-50,M,"7,084","3,854","19,732","8,836","39,506","5,926","9,662","9,186","24,774","15,166","16,979","32,145","8,214","17,574","17,718","14,611","3,683","61,800","10,762","11,922","13,328","21,942","57,954","216,179"
2006,51-55,F,"5,999","3,762","16,885","7,202","33,848","5,163","7,448","8,108","20,719","10,181","13,878","24,059","6,124","15,113","10,054","11,976","2,355","45,622","6,841","8,480","8,301","19,055","42,677","166,925"
2006,51-55,M,"6,229","3,806","17,000","7,514","34,549","5,538","8,436","7,865","21,839","10,979","14,144","25,123","6,291","15,447","12,541","12,036","2,981","49,296","8,320","9,429","9,484","18,650","45,883","176,690"
2006,56-60,F,"4,699","3,196","14,192","5,656","27,743","4,638","5,835","7,305","17,778","7,927","11,365","19,292","4,948","8,679","6,106","10,684","1,584","32,001","3,742","4,632","5,758","13,042","27,174","123,988"
2006,56-60,M,"5,488","3,488","14,754","5,902","29,632","4,941","6,698","7,225","18,864","8,189","11,505","19,694","5,213","11,333","8,258","10,251","2,144","37,199","5,166","6,044","6,852","14,574","32,636","138,025"
2006,61-65,F,"2,305","1,765","7,611","3,082","14,763","2,796","3,593","4,782","11,171","5,317","7,706","13,023","3,158","3,766","3,358","6,993",833,"18,108","2,026","2,239","3,220","6,224","13,709","70,774"
2006,61-65,M,"2,717","1,997","8,482","3,248","16,444","3,392","4,369","5,000","12,761","5,745","9,247","14,992","3,625","6,427","5,132","8,521","1,151","24,856","3,036","3,312","4,006","8,517","18,871","87,924"
2006,66-70,F,"2,353","1,841","7,903","3,334","15,431","3,010","4,175","4,971","12,156","7,056","8,532","15,588","2,903","3,319","3,443","6,256",890,"16,811","2,231","2,205","2,909","5,717","13,062","73,048"
2006,66-70,M,"2,855","2,054","8,921","3,600","17,430","3,687","5,316","5,536","14,539","6,780","10,521","17,301","3,582","5,045","4,649","8,454","1,150","22,880","2,831","2,907","3,587","7,415","16,740","88,890"
2006,71 or above,F,"5,588","4,642","19,696","9,407","39,333","6,767","12,558","10,976","30,301","21,240","22,144","43,384","5,788","8,229","9,431","13,591","2,894","39,933","7,124","6,347","6,828","14,631","34,930","187,881"
2006,71 or above,M,"6,331","4,907","18,377","8,555","38,170","7,848","13,089","11,529","32,466","18,675","22,675","41,350","6,366","8,042","9,433","14,290","2,624","40,755","6,283","5,638","6,261","13,435","31,617","184,358"
2006,Total,F,"51,577","31,656","152,751","67,300","303,284","51,340","72,715","78,586","202,641","112,561","139,124","251,685","61,583","115,749","104,110","118,008","23,627","423,077","66,107","71,687","87,899","155,996","381,689","1,562,376"
2006,Total,M,"53,106","32,046","151,658","66,813","303,623","56,270","78,794","79,530","214,594","114,753","148,535","263,288","63,826","121,611","116,380","126,030","25,887","453,734","69,095","72,037","91,059","156,121","388,312","1,623,551"
2006,Grand Total,,"104,683","63,702   304,409    134,113",,,"606,907","107,610   151,509   158,116",,,"417,235","227,314","287,659","514,973","125,409","237,360","220,490","244,038   49,514",,"876,811","135,202   143,724    178,958   312,117",,,,"770,001","3,185,927"
2007,18-20,F,800,365,"2,506","1,114","4,785",835,"1,494","1,343","3,672","2,325","2,938","5,263","1,205","3,225","3,603","2,714",520,"11,267","2,309","2,327","2,302","3,636","10,574","35,561"
2007,18-20,M,831,336,"2,332","1,129","9,413",848,"1,416","1,236","7,172","2,310","2,878","10,451","1,233","3,268","3,638","2,663",595,"22,664","2,289","2,233","2,207","3,477","20,780","34,919"
2007,21-25,F,"2,720","1,221","7,966","4,029","15,936","2,593","4,296","3,912","10,801","6,087","8,210","14,297","3,273","8,387","8,040","7,846","1,528","29,074","5,640","6,237","5,919","10,494","28,290","98,398"
2007,21-25,M,"2,664","1,136","7,669","3,907","31,312","2,585","4,209","3,735","21,330","6,046","8,590","28,933","3,099","8,224","8,011","7,390","1,374","57,172","5,362","5,914","5,525","10,089","55,180","95,529"
2007,26-30,F,"3,592","1,850","10,582","4,663","20,687","4,011","5,264","5,291","14,566","7,341","10,442","17,783","4,896","11,234","9,361","9,499","1,896","36,886","5,362","6,151","6,872","13,691","32,076","121,998"
2007,26-30,M,"3,448","1,821","10,536","4,657","41,149","4,277","5,394","5,167","29,404","7,556","10,758","36,097","4,826","12,076","9,551","9,800","1,907","75,046","5,686","6,355","6,565","14,164","64,846","124,544"
2007,31-35,F,"4,646","2,467","12,067","5,264","24,444","5,345","5,896","6,573","17,814","8,299","10,862","19,161","6,472","9,490","10,584","11,136","2,433","40,115","4,821","4,960","10,231","13,039","33,051","134,585"
2007,31-35,M,"4,324","2,453","12,385","5,458","49,064","5,880","6,247","6,942","36,883","8,821","12,160","40,142","6,630","10,723","11,228","12,711","2,384","83,791","5,048","5,240","9,761","13,957","67,057","142,352"
2007,36-40,F,"5,023","2,713","13,309","5,881","26,926","5,019","5,779","7,121","17,919","8,985","11,857","20,842","6,730","9,742","11,630","10,460","2,745","41,307","6,327","5,541","10,851","12,870","35,589","142,583"
2007,36-40,M,"4,586","2,595","12,512","5,749","52,368","5,583","6,252","7,200","36,954","9,443","12,571","42,856","6,522","9,006","11,494","12,071","2,633","83,033","5,813","5,056","10,487","11,671","68,616","141,244"
2007,41-45,F,"6,473","3,401","18,405","8,313","36,592","5,742","7,726","9,028","22,496","13,369","15,377","28,746","8,617","15,679","15,955","13,071","3,529","56,851","9,796","10,268","13,037","19,414","52,515","197,200"
2007,41-45,M,"5,967","3,183","16,930","7,735","70,407","5,930","7,863","8,435","44,724","13,504","15,980","58,230","8,195","13,801","15,745","13,056","3,654","111,302","8,857","8,161","12,883","17,036","99,452","186,915"
2007,46-50,F,"6,961","4,096","20,412","9,158","40,627","5,873","9,348","9,381","24,602","14,685","16,886","31,571","8,259","18,370","15,773","14,647","3,438","60,487","11,022","12,777","13,170","23,291","60,260","217,547"
2007,46-50,M,"7,049","3,745","20,022","9,040","80,483","6,102","9,712","9,341","49,757","15,906","17,647","65,124","8,761","17,699","18,820","15,136","3,985","124,888","11,180","12,038","13,989","22,007","119,474","222,179"
2007,51-55,F,"6,311","3,783","17,482","7,601","35,177","5,376","8,152","8,483","22,011","11,155","14,862","26,017","6,633","16,216","11,502","12,876","2,770","49,997","7,973","9,638","9,417","20,109","47,137","180,339"
2007,51-55,M,"6,452","3,775","17,466","7,814","70,684","5,713","8,915","8,183","44,822","11,790","14,703","52,510","6,752","15,980","14,209","12,721","3,312","102,971","9,092","10,176","10,497","19,234","96,136","186,784"
2007,56-60,F,"5,267","3,538","15,839","6,298","30,942","5,118","6,543","8,074","19,735","8,904","12,648","21,552","5,506","10,731","7,386","11,539","1,972","37,134","4,547","5,676","6,569","15,188","31,980","141,343"
2007,56-60,M,"5,941","3,760","16,193","6,627","63,463","5,428","7,516","7,920","40,599","9,225","12,831","43,608","5,800","13,025","9,720","11,162","2,607","79,448","6,251","7,215","7,809","16,500","69,755","155,530"
2007,61-65,F,"2,658","1,942","8,414","3,541","16,555","3,128","4,062","5,232","12,422","5,808","8,385","14,193","3,580","4,406","3,847","7,919",994,"20,746","2,330","2,649","3,652","7,283","15,914","79,830"
2007,61-65,M,"3,097","2,107","8,963","3,584","34,306","3,617","4,714","5,157","25,910","6,069","9,380","29,642","3,916","7,157","5,605","8,790","1,332","47,546","3,389","3,715","4,423","9,352","36,793","94,367"
2007,66-70,F,"2,416","1,807","7,999","3,291","15,513","3,116","4,306","5,068","12,490","6,635","8,705","15,340","2,975","3,390","3,419","6,342",884,"17,010","2,224","2,294","3,010","5,675","13,203","73,556"
2007,66-70,M,"2,804","2,052","8,799","3,537","32,705","3,579","5,241","5,481","26,791","6,593","10,459","32,392","3,599","5,237","4,803","8,497","1,213","40,359","2,864","3,005","3,622","7,501","30,195","88,886"
2007,71+ & UNK,F,"6,181","5,055","21,315","9,919","42,470","7,439","13,695","12,475","33,609","22,737","23,858","46,595","6,277","8,774","10,216","14,600","3,038","42,905","7,700","6,889","7,353","15,595","37,537","203,116"
2007,71+ & UNK,M,"6,707","5,163","19,592","9,064","82,996","8,379","13,970","12,686","68,644","19,399","24,164","90,158","6,820","8,626","10,116","15,250","2,806","86,523","6,635","6,077","6,711","14,356","71,316","196,521"
2007,Total,F,"53,048","32,238","156,296","69,072","310,654","53,595","76,561","81,981","212,137","116,330","145,030","261,360","64,423","119,644","111,316","122,649","25,747","443,779","70,051","75,407","92,383","160,285","398,126","1,626,056"
2007,Total,M,"53,870","32,126","153,399","68,301","618,350","57,921","81,449","81,483","432,990","116,662","152,121","530,143","66,153","124,822","122,940","129,247","27,802","914,743","72,466","75,185","94,479","159,344","799,600","1,669,770"
2007,Grand Total,,"106,918","64,364","309,695","137,373","618,350","111,516","158,010","163,464","432,990","232,992","297,151","530,143","130,576","244,466","234,256","251,896","53,549","914,743","142,517","150,592","186,862","319,629","799,600","3,295,826"
2008,18-20,F,"1,234",591,"4,104","1,818","7,747","1,186","2,194","1,972","5,352","3,533","4,484","8,017","1,757","4,127","4,421","3,836",833,"14,974","3,333","3,323","3,534","5,181","15,371","51,461"
2008,18-20,M,"1,244",513,"3,771","1,746","7,274","1,195","2,066","1,794","5,055","3,490","4,447","7,937","1,718","4,278","4,602","3,781",823,"15,202","3,339","3,215","3,414","5,161","15,129","50,597"
2008,21-25,F,"2,695","1,223","8,001","4,038","15,957","2,582","4,370","3,841","10,793","5,950","7,998","13,948","3,286","8,357","8,434","7,883","1,579","29,539","5,729","6,144","5,976","10,336","28,185","98,422"
2008,21-25,M,"2,608","1,147","7,665","3,905","15,325","2,622","4,290","3,753","10,665","6,059","8,354","14,413","3,143","8,200","8,455","7,463","1,513","28,774","5,541","5,913","5,798","9,982","27,234","96,411"
2008,26-30,F,"3,660","1,797","10,827","4,940","21,224","3,906","5,466","5,306","14,678","7,631","10,622","18,253","4,893","11,347","9,567","9,801","2,033","37,641","5,766","6,545","7,008","13,869","33,188","124,984"
2008,26-30,M,"3,432","1,748","10,568","4,817","20,565","4,190","5,540","5,076","14,806","7,744","10,978","18,722","4,821","12,110","9,797","9,965","1,971","38,664","6,059","6,739","6,726","14,265","33,789","126,546"
2008,31-35,F,"4,631","2,440","12,135","5,217","24,423","5,325","5,950","6,400","17,675","8,009","10,814","18,823","6,426","9,847","10,541","11,018","2,497","40,329","4,725","5,049","9,868","13,252","32,894","134,144"
2008,31-35,M,"4,316","2,327","12,294","5,440","24,377","5,728","6,235","6,675","18,638","8,587","12,113","20,700","6,557","11,080","11,102","12,387","2,425","43,551","5,091","5,258","9,392","14,308","34,049","141,315"
2008,36-40,F,"5,063","2,741","13,601","5,927","27,332","5,252","6,080","7,239","18,571","9,038","11,909","20,947","6,812","9,365","11,631","10,917","2,877","41,602","6,043","5,153","11,095","12,642","34,933","143,385"
2008,36-40,M,"4,517","2,578","12,532","5,764","25,391","5,611","6,338","7,217","19,166","9,111","12,249","21,360","6,723","8,715","11,175","12,416","2,706","41,735","5,520","4,807","10,487","11,414","32,228","139,880"
2008,41-45,F,"6,211","3,284","17,550","8,133","35,178","5,714","7,666","8,710","22,090","12,865","15,138","28,003","8,370","14,661","15,925","13,013","3,685","55,654","9,474","9,493","12,920","18,224","50,111","191,036"
2008,41-45,M,"5,597","3,021","15,966","7,380","31,964","5,817","7,551","8,104","21,472","12,525","15,409","27,934","7,780","12,628","14,995","12,840","3,658","51,901","8,311","7,365","12,366","15,707","43,749","177,020"
2008,46-50,F,"6,940","3,934","20,579","9,360","40,813","5,873","9,447","9,396","24,716","14,829","17,131","31,960","8,515","18,367","16,558","15,000","3,796","62,236","11,223","12,645","13,744","23,132","60,744","220,469"
2008,46-50,M,"6,797","3,545","19,444","9,079","38,865","6,033","9,647","9,194","24,874","15,806","17,555","33,361","8,959","17,293","19,054","15,275","4,204","64,785","11,115","11,647","14,240","21,340","58,342","220,227"
2008,51-55,F,"6,409","3,686","17,995","7,995","36,085","5,511","8,826","8,556","22,893","11,933","15,467","27,400","6,984","16,916","12,624","13,670","3,107","53,301","8,738","10,438","10,247","20,727","50,150","189,829"
2008,51-55,M,"6,422","3,650","17,676","8,003","35,751","5,741","9,278","8,164","23,183","12,411","15,158","27,569","6,957","16,301","15,293","13,340","3,612","55,503","9,631","10,558","11,226","19,695","51,110","193,116"
2008,56-60,F,"5,517","3,502","16,225","6,577","31,821","5,215","6,930","8,089","20,234","9,315","13,219","22,534","5,701","11,838","8,116","11,840","2,162","39,657","5,145","6,257","7,132","16,072","34,606","148,852"
2008,56-60,M,"5,884","3,633","16,187","6,793","32,497","5,473","7,881","7,712","21,066","9,436","13,202","22,638","5,937","13,741","10,354","11,627","2,863","44,522","6,779","7,721","8,240","16,763","39,503","160,226"
2008,61-65,F,"3,015","2,168","9,600","4,005","18,788","3,423","4,563","5,649","13,635","6,320","9,302","15,622","3,923","5,205","4,356","8,736","1,202","23,422","2,591","2,982","4,195","8,361","18,129","89,596"
2008,61-65,M,"3,436","2,306","9,949","4,081","19,772","3,812","5,014","5,511","14,337","6,383","9,458","15,841","4,143","7,790","6,120","8,990","1,600","28,643","3,654","4,016","4,970","10,104","22,744","101,337"
2008,66-70,F,"2,333","1,747","7,799","3,187","15,066","3,011","4,199","4,878","12,088","6,219","8,411","14,630","2,923","3,391","3,348","6,384",871,"16,917","2,105","2,222","3,037","5,582","12,946","71,647"
2008,66-70,M,"2,673","1,900","8,502","3,357","16,432","3,412","5,039","5,150","13,601","6,377","10,210","16,587","3,574","5,413","4,873","8,452","1,227","23,539","2,842","3,039","3,667","7,489","17,037","87,196"
2008,71 or above,F,"6,417","4,991","22,016","10,142","43,566","7,717","14,138","12,985","34,840","23,568","24,827","48,395","6,648","9,163","10,654","15,324","3,200","44,989","7,977","7,066","7,675","16,046","38,764","210,554"
2008,71 or above,M,"6,809","5,033","20,219","9,383","41,444","8,565","14,387","12,955","35,907","19,925","25,130","45,055","7,129","9,179","10,595","16,188","2,990","46,081","6,904","6,265","7,083","15,018","35,270","203,757"
2008,Total,F,"54,125","32,104","160,432","71,339","318,000","54,715","79,829","83,021","217,565","119,210","149,322","268,532","66,238","122,584","116,175","127,422","27,842","460,261","72,849","77,317","96,431","163,424","410,021","1,674,379"
2008,Total,M,"53,735","31,401","154,773","69,748","309,657","58,199","83,266","81,305","222,770","117,854","154,263","272,117","67,441","126,728","126,415","132,724","29,592","482,900","74,786","76,543","97,609","161,246","410,184","1,697,628"
2008,Grand Total,,"107,860","63,505   315,205   141,087",,,"627,657","112,914   163,095   164,326",,,"440,335","237,064","303,585","540,649","133,679","249,312","242,590","260,146   57,434",,"943,161","147,635   153,860   194,040   324,670",,,,"820,205","3,372,007"
2009,18-20,F,"1,206",614,"4,150","1,924","7,894","1,243","2,254","1,983","5,480","3,718","4,887","8,605","1,747","4,375","5,120","3,896",922,"16,060","3,533","3,482","3,750","5,570","16,335","54,374"
2009,18-20,M,"1,283",562,"4,141","1,819","7,805","1,268","2,139","1,948","5,355","3,899","5,086","8,985","1,842","4,856","5,659","3,843",936,"17,136","3,704","3,648","3,872","5,857","17,081","56,362"
2009,21-25,F,"2,442","1,082","7,525","3,662","14,711","2,419","4,111","3,641","10,171","5,802","7,745","13,547","3,099","7,950","8,351","7,587","1,496","28,483","5,519","5,773","5,900","9,785","26,977","93,889"
2009,21-25,M,"2,395","1,050","7,108","3,561","14,114","2,483","4,115","3,491","10,089","5,858","7,957","13,815","3,061","7,932","8,526","7,277","1,482","28,278","5,453","5,551","5,694","9,492","26,190","92,486"
2009,26-30,F,"3,448","1,668","10,433","4,877","20,426","3,677","5,342","4,954","13,973","7,585","10,519","18,104","4,525","11,057","9,565","9,773","1,962","36,882","6,169","6,835","6,815","13,697","33,516","122,901"
2009,26-30,M,"3,242","1,594","10,139","4,792","19,767","3,841","5,387","4,840","14,068","7,651","10,948","18,599","4,436","11,484","9,806","9,717","1,896","37,339","6,336","6,854","6,577","13,846","33,613","123,386"
2009,31-35,F,"4,307","2,242","11,741","5,023","23,313","4,972","5,653","6,023","16,648","7,660","10,664","18,324","6,069","9,996","10,138","10,394","2,347","38,944","4,638","4,977","9,084","13,230","31,929","129,158"
2009,31-35,M,"4,070","2,146","11,916","5,214","23,346","5,338","5,969","6,216","17,523","8,100","11,759","19,859","6,131","11,464","10,743","11,674","2,307","42,319","5,023","5,324","8,574","14,436","33,357","136,404"
2009,36-40,F,"4,970","2,636","13,315","5,669","26,590","5,256","5,932","7,158","18,346","8,725","11,705","20,430","6,702","8,903","11,284","11,100","2,866","40,855","5,608","4,888","11,022","12,487","34,005","140,226"
2009,36-40,M,"4,314","2,493","12,443","5,567","24,817","5,638","6,095","7,103","18,836","8,801","12,213","21,014","6,621","8,476","11,021","12,526","2,635","41,279","5,337","4,597","10,310","11,688","31,932","137,878"
2009,41-45,F,"5,680","3,020","16,105","7,500","32,305","5,424","7,138","8,020","20,582","11,675","14,325","26,000","7,745","12,948","14,772","12,116","3,493","51,074","8,598","8,133","12,161","16,466","45,358","175,319"
2009,41-45,M,"5,103","2,758","14,513","6,870","29,244","5,580","7,017","7,546","20,143","11,389","14,449","25,838","7,131","11,156","13,659","12,226","3,418","47,590","7,576","6,388","11,500","14,103","39,567","162,382"
2009,46-50,F,"6,879","3,831","20,621","9,328","40,659","5,893","9,111","9,377","24,381","14,937","17,325","32,262","8,566","18,067","17,153","14,957","3,912","62,655","11,330","12,456","14,034","22,630","60,450","220,407"
2009,46-50,M,"6,579","3,406","19,072","8,800","37,857","6,027","9,181","9,023","24,231","15,585","17,574","33,159","8,930","16,626","18,873","14,935","4,208","63,572","10,823","10,825","14,005","20,451","56,104","214,923"
2009,51-55,F,"6,463","3,668","18,573","8,427","37,131","5,594","9,177","8,653","23,424","12,686","16,161","28,847","7,332","17,613","13,735","14,247","3,303","56,230","9,631","11,157","11,078","21,649","53,515","199,147"
2009,51-55,M,"6,453","3,552","18,197","8,289","36,491","5,714","9,456","8,296","23,466","13,089","15,889","28,978","7,347","16,715","16,558","13,945","3,804","58,369","10,320","11,101","12,108","20,393","53,922","201,226"
2009,56-60,F,"5,536","3,499","16,501","6,693","32,229","5,195","7,135","8,023","20,353","9,615","13,805","23,420","5,779","13,031","8,906","11,988","2,323","42,027","5,699","6,922","7,655","17,031","37,307","155,336"
2009,56-60,M,"5,848","3,536","16,192","6,919","32,495","5,487","8,061","7,534","21,082","9,817","13,637","23,454","5,922","14,195","11,095","11,861","3,013","46,086","7,407","8,128","8,682","17,209","41,426","164,543"
2009,61-65,F,"3,517","2,409","11,014","4,555","21,495","3,819","4,980","6,219","15,018","6,924","10,221","17,145","4,283","6,100","4,946","9,522","1,389","26,240","3,003","3,422","4,781","9,807","21,013","100,911"
2009,61-65,M,"3,915","2,536","11,298","4,580","22,329","4,004","5,308","5,857","15,169","6,778","10,012","16,790","4,366","8,585","6,808","9,149","1,797","30,705","4,053","4,570","5,556","11,174","25,353","110,346"
2009,66-70,F,"2,218","1,597","7,605","3,034","14,454","2,820","3,896","4,565","11,281","5,733","8,232","13,965","2,845","3,414","3,304","6,478",866,"16,907","2,049","2,149","3,024","5,537","12,759","69,366"
2009,66-70,M,"2,480","1,779","8,153","3,174","15,586","3,225","4,699","4,860","12,784","6,028","9,889","15,917","3,453","5,648","4,933","8,320","1,191","23,545","2,900","2,984","3,714","7,614","17,212","85,044"
2009,71 or above,F,"6,582","5,116","22,832","10,501","45,031","8,004","14,430","13,331","35,765","24,148","25,905","50,053","7,011","9,466","10,994","15,892","3,267","46,630","8,166","7,183","7,982","16,587","39,918","217,397"
2009,71 or above,M,"6,956","5,069","20,986","9,656","42,667","8,735","14,505","13,111","36,351","20,011","26,132","46,143","7,450","9,561","10,961","16,997","3,102","48,071","7,145","6,411","7,447","15,696","36,699","209,931"
2009,Total,F,"53,248","31,382","160,415","71,193","316,238","54,316","79,159","81,947","215,422","119,208","151,494","270,702","65,703","122,920","118,268","127,950","28,146","462,987","73,943","77,377","97,286","164,476","413,082","1,678,431"
2009,Total,M,"52,638","30,481","154,158","69,241","306,518","57,340","81,932","79,825","219,097","117,006","155,545","272,551","66,690","126,698","128,642","132,470","29,789","484,289","76,077","76,381","98,039","161,959","412,456","1,694,911"
2009,Grand Total,,"105,886","61,863","314,573","140,434","622,756","111,656","161,091","161,772","434,519","236,214","307,039","543,253","132,393","249,618","246,910","260,420","57,935","947,276","150,020","153,758","195,325","326,435","825,538","3,373,342"
2010,18-20,F,"1,237",601,"4,250","1,912","8,000","1,417","2,480","2,139","6,036","4,052","5,474","9,526","1,946","4,888","6,402","4,308","1,094","18,638","3,738","3,745","4,021","6,204","17,708","59,908"
2010,18-20,M,"1,376",575,"4,401","1,951","8,303","1,554","2,605","2,323","6,482","4,330","5,864","10,194","2,209","5,554","7,095","4,474","1,148","20,480","4,178","4,035","4,396","6,846","19,455","64,914"
2010,21-25,F,"2,370","1,090","7,688","3,648","14,796","2,453","4,242","3,751","10,446","6,047","8,151","14,198","3,224","8,273","9,077","7,538","1,532","29,644","5,830","5,894","6,230","9,946","27,900","96,984"
2010,21-25,M,"2,382","1,063","7,398","3,491","14,334","2,512","4,110","3,657","10,279","6,235","8,311","14,546","3,211","8,609","9,566","7,517","1,580","30,483","5,912","5,869","6,116","9,858","27,755","97,397"
2010,26-30,F,"3,316","1,569","9,843","4,769","19,497","3,443","5,217","4,741","13,401","7,338","10,251","17,589","4,229","10,445","9,534","9,503","1,908","35,619","6,397","6,983","6,781","13,329","33,490","119,596"
2010,26-30,M,"3,070","1,508","9,592","4,734","18,904","3,577","5,327","4,589","13,493","7,403","10,804","18,207","4,114","10,741","9,790","9,225","1,801","35,671","6,386","6,932","6,540","13,358","33,216","119,491"
2010,31-35,F,"4,110","2,147","11,479","4,848","22,584","4,749","5,574","5,842","16,165","7,547","10,755","18,302","5,749","10,590","9,918","10,177","2,222","38,656","4,713","5,207","8,575","13,622","32,117","127,824"
2010,31-35,NI,"3,921","2,001","11,617","5,019","22,558","5,118","5,828","5,974","16,92","7,924","11,724","19,648","5,866","11,906","10,548","11,174","2,194","41,688","5,252","5,502","8,109","14,724","33,587","134,401"
2010,36-40,F,"4,936","2,564","13,177","5,535","26,212","5,516","5,984","7,149","18,649","8,695","11,833","20,528","6,800","8,842","11,259","11,324","2,888","41,113","5,434","4,868","11,049","12,810","34,161","140,663"
2010,36-40,M,"4,381","2,463","12,591","5,505","24,940","5,851","6,116","7,161","19,128","8,756","12,376","21,132","6,718","8,815","11,217","12,651","2,631","42,032","5,229","4,635","10,285","12,321","32,470","139,702"
2010,41-45,F,"5,431","2,959","15,243","7,164","30,797","5,281","6,868","7,658","19,807","10,854","13,943","24,797","7,399","11,791","13,978","11,698","3,334","48,200","7,981","7,183","11,789","15,462","42,415","166,016"
2010,41-45,M,"4,798","2,598","13,658","6,514","27,568","5,499","6,796","7,310","19,614","10,584","13,988","24,572","6,820","10,254","12,833","12,104","3,184","45,195","6,963","5,869","11,014","13,221","37,067","154,016"
2010,46-50,F,"6,823","3,630","20,186","9,078","39,717","5,914","8,854","9,423","24,191","14,834","17,458","32,292","8,756","17,592","17,509","14,644","3,982","62,483","11,171","12,141","14,119","22,118","59,549","218,232"
2010,46-50,M,"6,341","3,296","18,436","8,505","36,578","6,010","8,737","9,018","23,765","15,037","17,404","32,441","8,853","15,762","18,305","14,342","4,157","61,419","10,386","9,868","13,795","19,576","53,625","207,828"
2010,51-55,F,"6,532","3,729","19,244","8,744","38,249","5,738","9,454","8,905","24,097","13,405","16,865","30,270","7,597","17,981","14,714","14,731","3,492","58,515","10,362","11,650","11,990","22,313","56,315","207,446"
2010,51-55,M,"6,616","3,534","18,754","8,556","37,460","5,787","9,649","8,530","23,966","13,984","16,819","30,803","7,745","16,941","17,610","14,510","3,990","69,805","10,845","11,569","12,925","21,124","56,463","209,497"
2010,56-60,F,"5,619","3,447","16,703","6,977","32,746","5,200","7,424","8,050","20,674","10,089","14,416","24,505","6,012","14,181","9,808","12,277","2,502","44,780","6,387","7,751","8,206","18,134","40,478","163,183"
2010,56-60,M,"5,772","3,453","16,130","7,132","32,487","5,517","8,197","7,521","21,235","10,287","14,169","24,456","6,102","14,723","12,104","12,015","3,157","43,101","8,027","8,674","9,146","17,758","43,605","169,884"
2010,61-65,F,"4,063","2,697","12,452","5,135","24,347","4,235","5,457","6,656","16,348","7,527","11,275","18,802","4,616","7,246","5,632","10,087","1,556","29,137","3,429","3,985","5,403","11,306","24,123","112,757"
2010,61-65,M,"4,441","2,800","12,655","5,083","24,979","4,261","5,781","6,272","16,314","7,217","10,864","18,081","4,684","9,591","7,506","9,407","2,032","33,220","4,588","5,184","6,203","12,526","28,501","121,095"
2010,66-70,F,"2,182","1,608","7,480","3,013","14,283","2,775","3,823","4,539","11,187","5,558","8,376","13,934","3,018","3,568","3,459","6,872",900,"17,817","2,119","2,191","3,189","5,861","13,360","70,581"
2010,66-70,M,"2,463","1,695","8,012","3,092","15,262","3,182","4,465","4,709","12,356","5,898","10,013","15,911","3,492","5,968","5,162","8,435","1,220","24,277","3,039","3,041","3,867","7,914","17,861","85,667"
2010,71 or above,F,"6,879","5,286","23,824","10,802","46,791","8,435","14,725","13,973","37,133","24,576","27,455","52,031","7,379","9,878","11,429","16,762","3,354","48,802","8,395","7,375","8,425","17,339","41,534","226,291"
2010,71 or above,M,"7,231","5,238","21,820","9,914","44,203","9,029","14,702","13,540","37,271","20,212","27,444","47,656","7,838","10,163","11,427","17,823","3,208","50,459","7,423","6,725","7,906","16,576","38,630","218,219"
2010,Total,F,"53,498","31,327","161,569","71,625","318,019","55,156","80,102","82,876","218,134","120,522","156,252","276,774","66,725","125,275","122,719","129,921","28,764","473,404","75,956","78,973","99,777","168,444","423,150","1,709,481"
2010,Grand Total,,"106,290","61,551","316,633","141,121","625,595","113,053","162,415","163,489","438,957","238,389","316,032","554,421","134,377","254,302","255,882","263,607","59,066","967,234","154,184","156,876","200,079","334,246","845,385","3,431,592"
2011,18-20,F,"1,399",641,"4,715","2,166","8,921","1,769","2,940","2,507","7,216","4,669","6,213","10,882","2,564","5,338","7,307","5,152","1,328","21,689","4,233","4,009","4,695","7,212","20,149","63,857"
2011,18-20,M,"1,551",725,"5,201","2,290","9,767","1,975","3,153","2,898","8,026","4,992","6,698","11,690","2,821","6,224","8,255","5,517","1,469","24,286","4,655","4,458","5,113","7,872","22,098","75,867"
2011,21-25,F,"2,416","1,149","8,064","3,680","15,309","2,659","4,568","3,984","11,211","6,707","9,149","15,856","3,547","8,746","10,210","8,109","1,764","32,376","6,486","6,446","6,942","10,508","30,382","105,134"
2011,21-25,M,"2,535","1,098","7,922","3,632","15,187","2,717","4,527","3,911","11,155","7,081","9,454","16,535","3,716","9,322","10,801","8,218","1,851","33,908","6,780","6,540","7,177","10,827","31,324","108,109"
2011,26-30,F,"3,172","1,494","9,765","4,751","19,182","3,295","5,302",4.669,"13,266","7,278","10,161","17,439","4,232","10,077","9,932","9,359","1,955","35,555","6,565","7,146","7,230","13,075","34,016","119,458"
2011,26-30,M,"3,087","1,416","9,529","4,768","18,800","3,496","5,322",4672,"13,490","7,381","10,871","18,252","4,096","10,366","10,497","9,206","1,847","36,012","6,665","7,161","7,085","12,982","33,893","120,447"
2011,31-35,F,"3,932","2,007","11,344","4,833","22,116","4,665","5,466","5,828","15,959","7,595","11,105","18,700","5,590","11,137","10,065","9,986","2,137","38,915","5,103","5,687","8,091","13,997","32,878","123,568"
2011,31-35,M,"3,690","1,910","11,283","4,951","21,834","4,920","5,777","5,753","16,450","7,834","11,690","19,524","5,682","12,154","10,704","10,648","2,180","41,368","5,706","6,056","7,851","14,816","34,429","133,605"
2011,36-40,F,"4,922","2,574","13,443","5,720","26,659","5,655","6,472","7,440","19,567","8,939","12,685","21,624","7,070","9,240","11,836","11,875","3,069","43,090","5,472","5,280","11,234","13,617","35,603","146,543"
2011,36-40,M,"4,380","2,388","12,764","5,603","25,135","6,019","6,326","7,425","19,770","8,916","13,029","21,945","6,955","9,610","11,797","12,905","2,623","43,895","5,211","5,080","10,253","13,590","34,134","144,879"
2011,41-45,F,"5,213","2,857","14,565","6,684","29,319","5,466","6,873","7,739","20,078","10,415","14,183","24,598","7,266","10,774","13,820","11,605","3,537","47,002","7,582","6,451","11,741","14,604","40,378","161,375"
2011,41-45,M,"4,576","2,531","13,009","6,132","26,248","5,594","6,610","7,305","19,509","9,846","13,707","23,553","6,618","9,279","12,323","11,922","3,038","43,180","6,305","5,386","10,761","12,224","34,676","147,166"
2011,46-50,F,"6,524","3,425","19,559","8,984","38,492","6,004","8,762","9,375","24,141","14,864","17,634","32,493","8,943","16,665","18,078","14,593","4,134","62,413","11,044","11,250","14,403","21,056","57,753","215,297"
2011,46-50,M,"5,910","3,087","17,504","8,201","34,702","5,950","8,316","8,704","22,970","14,244","17,164","31,408","8,615","14,406","17,554","13,654","4,085","58,314","9,810","8,900","13,551","18,214","50,475","197,869"
2011,51-55,F,"6,570","3,686","19,824","8,964","39,044","5,960","9,794","9,200","24,954","14,403","17,927","32,330","8,018","18,375","16,242","15,346","3,791","61,772","11,228","12,576","13,339","23,153","60,296","218,396"
2011,51-55,M,"6,598","3,466","19,014","8,714","37,792","6,007","9,762","8,993","24,762","15,006","17,860","32,866","8,317","17,283","19,196","15,110","4,243","64,149","11,561","11,868","14,117","21,562","59,108","218,677"
2011,56-60,F,"5,719","3,422","16,915","7,344","33,400","5,343","8,027","8,248","21,618","10,781","15,325","26,106","6,490","15,321","11,422","12,936","2,850","49,019","7,415","8,789","9,217","19,154","44,575","174,718"
2011,56-60,M,"5,722","3,313","16,310","7,340",32.685,"5,452","8,463","7,587","21,502","10,841","14,627","25,468","6,352","15,067","13,678","12,498","3,438","51,033","8,819","9,423","10,016","18,288","46,546","177,234"
2011,61-65,F,"4,641","2,950","14,575","5,849","28,015","4,867","6,321","7,494","18,682","8,690","13,308","21,998","5,203","9,172","7,023","11,468","1,920","34,786","4,242","4,952","6,552","13,557","29,303","132,784"
2011,61-65,M,"5,006","3,076","14,339","5,897","28,318","4,906","6,765","7,064","18,735","8,405","12,654","21,059","5,353","11,451","9,109","10,527","2,525","33,965","5,670","6,257","7,367","14,523","33,817","140,894"
2011,66-70,F,"2,238","1,617","7,710","3,230","14,795","2,854","3,992","4,801","11,647","5,750","8,871","14,621","3,242","3,968","3,746","7,367",971,"19,294","2,354","2,385","3,496","6,358","14,593","74,950"
2011,66-70,M,"2,471","1,667","8,049","3,154","15,341","3 ,249","4,431","4,703","12,383","5,798","10,008","15,806","3,536","6,203","5,466","8,418","1,296","24,919","3,210","3,216","4,121","8,196","18,743","87,192"
2011,71 or above,F,"7,179","5,458","24,920","11,088","48,645","8,906","15,223","14,627","33,756","25,109","28,904","54,013","7,845","10,386","11,921","17,693","3,426","51,271","8,823","7,950","9,110","17,888","43,771","236,456"
2011,71 or above,M,"7,336","5,257","22,538","10,085","45,216","9,278","15,014","13,952","38,244","20,370","28,546","48,916","8,153","10,867","12,026","18,664","3,269","52,979","7,797","7,116","8,466","17,326","40,705","226,060"
2011,Total,F,"53,925","31,280 :","165,399",73.293,"323,897","57,443","83,740","85,912","227,095","125,200","165,465","290,665","70,010","129,199","131,602","135,489","30,882","497,182","80,547","82,921","106,050","174,179","443,697","1,782,536"
2011,Total,M,"52,862","29,934","157,462","70,767","311,025","59,563","84,466",82.967,"226,996","120,714","166,308","287,022","70,214","132,232","141,406","137,287","31,869","513,003","82,119","81,461","105,878","170,420","439,948","1,777,999"
2011,Grand Total,,"106,787","61,214","322,861","144,060","634,922","117,006",163.206,168.879,454.091,"245,914","331,773","577,687","140,224",261.431,"273,008","272,776","62,751","1,010,190","162,736","164,382","211,928","344,599","883,645","3,560,535"
2012,18-20,F,"1,444",657,"4,777","2,183","9,061","1,792","2,949","2,561",,"4,757","6,246","11,003","2,785","5,208","7,222","5,265","1,365","21,845","4,286","3,773","4,809","7,321","20,189","69,400"
2012,18-20,M,"1,552",737,"5,087","2,267","9,643","1,996","3,132","2,825","7,953","4,954","6,773","11,727","2,881","5,856","7,703","5,626","1,470","23,536","4,518","4,146","5,129","7,696","21,489","74,348"
2012,21-25,F,"2,496","1,151","8,061","3,667","15,375","2,775","4,731","4,047","11,553","7,107","9,680","16,787","3,680","9,124","11,185","8,438","1,901","34,328","6,671","6,708","7,373","10,963","31,715","109,758"
2012,21-25,M,"2,552","1,108","8,096","3,671","15,427","2,816","4,739","4,135","11,690","7,453","10,124","17,577","4,044","9,857","11,857","8,628","2,115","36,501","7,101","7,001","7,748","11,568","33,418","114,613"
2012,26-30,F,"3,026","1,405","9,012","4,448","17,891","3,229","4,973","4,486","12,688","6,743","9,404","16,147","4,097","9,406","9,525","8,723","1,792","33,543","6,348","6,758","7,341","12,472","32,919","113,188"
2012,26-30,M,"2,926","1,321","9,000","4,466","17,713","3,371","5,109","4,516","12,996","7,042","10,341","17,383","3,997","9,676","10,242","8,804","1,733","34,452","6,518","6,886","7,218","12,469","33,091","115,635"
2012,31-35,F,"3,615","1,868","10,368","4,432","20,283","4,344","5,239","5,438","15,021","6,630","9,999","16,629","5,491","10,289","9,624","8,609","1,943","35,956","5,186","5,587","7,631","13,357","31,761","119,650"
2012,31-35,M,"3,466","1,769","10,425","4,481","20,141","4,547","5,423","5,287","15,257","7,131","10,665","17,796","5,359","11,480","10,320","9,363","2,022","38,544","5,775","6,057","7,685","14,173","33,690","125,428"
2012,36-40,F,"4,624","2,414","12,309","5,183","24,530","5,499","6,135","6,905","18,539","7,988","11,718","19,706","6,681","8,953","11,368","10,273","2,877","40,152","5,128","4,868","10,786","13,024","33,806","136,733"
2012,36-40,M,"4,111","2,225","11,800","5,043","23,179","5,698","5,923","6,915","18,536","7,967","12,045","20,012","6,452","9,372","11,079","11,122","2,413","40,438","4,798","4,922","9,714","13,210","32,644","134,809"
2012,41-45,F,"4,900","2,620","13,731","6,173","27,424","5,285","6,547","7,287","19,119","9,557","13,305","22,862","6,940","9,951","13,562","10,739","3,547","44,739","7,098","5,855","11,631","13,815","38,399","152,543"
2012,41-45,M,"4,283","2,402","11,958","5,501","24,144","5,391","6,093","6,984","18,468","8,665","12,480","21,145","6,277","8,247","11,325","10,740","2,790","39,379","5,714","4,776","10,377","11,489","32,356","135,492"
2012,46-50,F,"6,051","3,181","18,031","8,318","35,581","5,751","8,252","8,839","22,842","13,836","17,041","30,877","8,597","15,601","17,809","13,823","4,086","59,916","10,465","10,391","14,124","19,814","54,794","204,010"
2012,46-50,M,"5,402","2,832","15,734","7,433","31,401","5,572","7,522","7,890","20,984","12,529","15,836","28,365","7,814","12,926","16,104","12,281","3,832","52,957","8,861","7,786","12,885","16,590","46,122","179,829"
2012,51-55,F,"6,228","3,438","19,283","8,959","37,908","5,747","9,439","8,875","24,061","14,497","17,846","32,343","8,022","18,052","16,863","15,172","3,840","61,949","11,337","12,566","13,888","23,051","60,842","217,103"
2012,51-55,M,"6,125","3,128","18,056","8,355","35,664","5,666","9,211","8,622","23,499","14,695","17,526","32,221","8,186","16,531","19,219","14,855","4,213","63,004","11,343","11,600","14,298","20,934","58,175","212,563"
2012,56-60,F,"5,630","3,142","16,534","7,365","32,671","5,231","8,231","8,061","21,523","11,194","15,686","26,880","6,560","15,737","12,116","13,229","3,015","50,657","8,011","9,266","9,890","19,605","46,772","178,503"
2012,56-60,M,"5,492","3,024","15,785","7,205","31,506","5,208","8,359","7,325","20,892","10,888","14,714","25,602","6,440","14,942","14,243","12,549","3,439","51,613","9,032","9,537","10,563","18,340","47,472","177,085"
2012,61-65,F,"4,690","2,970","15,025","6,055","28,740","4,788","6,558","7,630","18,976","9,109","14,080","23,189","5,363","10,306","7,631","11,736","2,121","37,157","4,602","5,410","7,027","14,727","31,766","139,828"
2012,61-65,M,"4,907","3,020","14,615","6,139","28,681","4,891","6,901","7,184","18,976","8,751","13,063","21,814","5,383","12,166","9,708","10,703","2,721","40,681","6,204","6,713","7,865","15,418","36,200","146,352"
2012,66-70,F,"2,281","1,585","7,777","3,416","15,059","2,848","4,073","4,869","11,790","5,870","9,155","15,025","3,345","4,311","3,904","7,849","1,022","20,431","2,420","2,494","3,764","6,963","15,641","77,946"
2012,66-70,M,"2,503","1,567","7,902","3,178","15,150","3,108","4,357","4,496","11,961","5,758","9,774","15,532","3,521","6,457","5,556","8,304","1,326","25,164","3,306","3,304","4,306","8,503","19,419","87,226"
2012,71 or above,F,"6,815","5,132","23,797","10,644","46,388","8,387","14,506","14,030","36,923","23,868","28,147","52,015","7,433","10,087","11,071","17,329","3,225","49,145","8,266","7,548","9,101","17,233","42,148","226,619"
2012,71 or above,M,"6,923","4,945","21,541","9,709","43,118","8,770","14,288","13,361","36,419","19,232","27,659","46,891","7,789","10,729","11,373","18,197","3,158","51,246","7,359","6,891","8,521","17,095","39,866","217,540"
2012,Total,F,"51,800","29,563","158,705","70,843","310,911","55,676","81,633","83,028","220,337","121,156","162,307","283,463","68,994","127,025","131,880","131,185","30,734","489,818","79,818","81,224","107,365","172,345","440,752","1,745,281"
2012,Total,M,"50,242","28,078","149,999","67,448","295,767","57,034","81,057","79,540","217,631","115,065","161,000","276,065","68,143","128,239","138,729","131,172","31,232","497,515","80,529","79,619","106,309","167,485","433,942","1,720,920"
2012,Grand Total,,"102,042","57,641","308,704","138,291","606,678","112,710","162,690","162,568","437,968","236,221","323,307","559,528","137,137","255,264","270,609","262,357","61,966","987,333","160,347","160,843","213,674","339,830","874,694","3,466,201"
2013,18-20,M,"1,244",579,"4,046","1,740","7,609","1,516","2,483","2,245","6,244","4,066","5,644","9,710","2,297","4,478","5,995","4,331","1,187","18,288","3,390","3,076","4,278","6,105","16,849","58,700"
2013,18-20,F,"1,091",487,"3,816","1,753","7,147","1,401","2,342","2,111","5,854","3,943","5,141","9,084","2,270","4,141","5,901","4,219","1,085","17,616","3,494","2,938","3,989","5,959","16,380","56,081"
2013,21-25,M,"2,660","1,143","8,590","3,876","16,269","3,046","5,180","4,498","12,724","8,099","11,133","19,232","4,426","10,474","13,052","9,319","2,300","39,571","7,760","7,519","8,392","12,537","36,208","124,004"
2013,21-25,F,"2,578","1,199","8,435","3,878","16,090","2,899","5,109","4,303","12,311","7,843","10,783","18,626","4,011","9,487","12,104","8,905","2,129","36,636","7,148","7,079","8,006","11,880","34,113","117,776"
2013,26-30,M,"2,776","1,270","8,453","4,193","16,692","3,173","5,045","4,302","12,520","6,818","9,867","16,685","3,815","9,268","10,233","8,609","1,783","33,708","6,304","6,572","7,092","11,688","31,656","111,261"
2013,26-30,F,"2,834","1,294","8,499","4,198","16,825","3,107","4,814","4,247","12,168","6,443","9,141","15,584","3,847","9,038","9,591","8,509","1,736","32,721","6,204","6,442","7,046","11,789","31,481","108,779"
2013,31-35,M,"3,293","1,639","10,173","4,549","19,654","4,350","5,465","5,137","14,952","7,316","10,955","18,271","5,171","11,647","10,478","9,351","1,989","38,636","6,172","6,505","7,600","14,510","34,787","126,300"
2013,31-35,F,"3,480","1,770","10,220","4,521","19,991","4,117","5,368","5,295","14,780","6,892","10,174","17,066","5,337","10,430","9,759","8,783","1,952","36,261","5,563","6,125","7,695","13,848","33,231","121,329"
2013,36-40,M,"4,051","2,111","11,504","4,930","22,596","5,443","5,909","6,635","17,987","7,797","11,972","19,769","6,310","9,888","10,803","10,753","2,333","40,087","4,811","4,997","9,369","13,676","32,853","133,292"
2013,36-40,F,"4,384","2,338","11,828","4,951","23,501","5,330","6,045","6,718","18,093","7,580","11,382","18,962","6,506","9,228","10,981","9,970","2,662","39,347","4,962","4,844","10,223","13,197","33,226","133,129"
2013,41-45,M,"4,109","2,371","11,781","5,340","23,601","5,400","6,097","7,005","18,502","8,369","12,240","20,609","6,302","7,939","11,003","10,818","2,679","38,741","5,315","4,571","10,279","11,356","31,521","132,974"
2013,41-45,F,"4,787","2,601","13,549","5,965","26,902","5,343","6,609","7,300","19,252","9,355","13,272","22,627","6,885","9,354","13,082","10,792","3,481","43,594","6,567","5,397","11,609","13,434","37,007","149,382"
2013,46-50,M,"5,004","2,668","14,693","6,913","29,278","5,400","7,145","7,611","20,156","11,683","15,363","27,046","7,306","11,716","14,977","11,811","3,585","49,395","8,081","6,921","12,296","15,447","42,745","168,620"
2013,46-50,F,"5,687","2,981","16,784","7,882","33,334","5,575","7,857","8,508","21,940","12,979","16,594","29,573","8,254","14,373","17,107","13,110","3,989","56,833","9,832","9,413","13,620","18,559","51,424","193,104"
2013,51-55,M,"5,925","3,017","17,769","8,342","35,053","5,592","9,012","8,551","23,155","14,688","17,651","32,339","8,322","16,153","19,273","14,527","4,150","62,425","11,091","11,206","14,450","20,622","57,369","210,341"
2013,51-55,F,"6,149","3,347","19,357","8,921","37,774","5,711","9,330","8,842","23,883","14,609","17,972","32,581","8,234","17,826","17,473","15,030","3,925","62,488","11,385","12,495","14,345","22,993","61,218","217,944"
2013,56-60,M,"5,507","3,011","16,050","7,418","31,986","5,234","8,652","7,431","21,317","11,671","15,367","27,038","6,629","15,290","15,345","12,901","3,624","53,789","9,577","10,007","11,344","19,000","49,928","184,058"
2013,56-60,F,"5,714","3,125","16,937","7,682","33,458","5,260","8,774","8,205","22,239","12,007","16,365","28,372","6,805","16,510","13,237","13,795","3,212","53,559","8,803","10,138","10,681","20,418","50,040","187,668"
2013,61-65,M,"4,965","2,987","14,690","6,237","28,879","4,927","7,420","7,137","19,484","9,085","13,565","22,650","5,505","12,893","10,452","11,131","2,844","42,825","6,739","7,326","8,256","16,076","38,397","152,235"
2013,61-65,F,"4,820","2,992","15,294","6,303","29,409","4,888","6,877","7,691","19,456","9,503","14,530","24,033","5,558","11,487","8,401","11,933","2,241","39,620","5,201","6,058","7,531","15,948","34,738","147,256"
2013,66-70,M,"2,884","1,807","8,988","3,732","17,411","3,316","4,629","4,930","12,875","6,183","10,111","16,294","3,740","7,221","6,109","8,497","1,583","27,150","3,604","3,674","4,889","9,541","21,708","95,438"
2013,66-70,F,"2,685","1,836","8,979","3,914","17,414","3,226","4,573","5,339","13,138","6,471","10,245","16,716","3,729","5,152","4,473","8,736","1,208","23,298","2,680","2,871","4,364","8,282","18,197","88,763"
2013,71 or above,M,"6,858","4,923","21,813","9,735","43,329","8,784","14,341","13,480","36,605","19,250","28,387","47,637","8,127","11,195","11,678","18,876","3,221","53,097","7,452","7,044","8,929","17,799","41,224","221,892"
2013,71 or above,F,"6,802","5,175","24,157","10,774","46,908","8,491","14,768","14,334","37,593","23,979","29,121","53,100","7,687","10,312","11,168","18,092","3,249","50,508","8,263","7,588","9,410","17,727","42,988","231,097"
2013,Total,M,"49,276","27,526","148,550","67,005","292,357","56,181","81,378","78,962","216,521","115,025","162,255","277,280","67,950","128,162","139,398","130,924","31,278","497,712","80,296","79,418","107,174","168,357","435,245","1,719,115"
2013,Grand  Total,,"100,287","56,671","306,405","137,747","601,110","111,529","163,844","161,855","437,228","236,629","326,975","563,604","137,073","255,500","272,675","262,798","62,147","990,193","160,398","160,806","215,693","342,391","879,288","3,471,423"
2014,18-20,M,"1,131",486,"3,692","1,551","6,860","1,408","2,380","2,136","5,924","3,592","5,062","8,654","2,188","4,050","5,632","4,006","1,121","16,997","3,218","2,814","3,816","5,866","15,714","54,149"
2014,18-20,F,974,477,"3,529","1,607","6,587","1,291","2,266","2,144","5,701","3,551","4,766","8,317","2,067","3,872","5,576","3,913","1,060","16,488","3,157","2,686","3,556","5,679","15,078","52,171"
2014,21-25,M,"2,776","1,221","8,992","4,086","17,075","3,279","5,562","5,087","13,928","8,770","12,086","20,856","4,793","10,978","13,969","9,806","2,502","42,048","8,151","7,782","8,930","13,569","38,432","132,339"
2014,21-25,F,"2,648","1,220","8,770","4,105","16,743","3,121","5,398","4,776","13,295","8,399","11,450","19,849","4,448","9,826","12,959","9,374","2,334","38,941","7,620","7,236","8,515","12,757","36,128","124,956"
2014,26-30,M,"2,638","1,191","8,127","3,923","15,879","3,067","5,055","4,376","12,498","6,772","9,574","16,346","3,809","9,090","10,324","8,624","1,799","33,646","6,244","6,435","7,203","11,339","31,221","109,590"
2014,26-30,F,"2,747","1,196","8,236","3,948","16,127","3,016","4,770","4,385","12,171","6,487","8,994","15,481","3,707","8,770","9,703","8,479","1,706","32,365","6,063","6,260","7,100","11,351","30,774","106,918"
2014,31-35,M,"3,225","1,558","9,867","4,624","19,274","4,079","5,508","5,237","14,824","7,350","11,021","18,371","4,928","11,420","10,774","9,313","1,957","38,392","6,480","6,791","7,517","14,418","35,206","126,067"
2014,31-35,F,"3,389","1,682","9,850","4,543","19,464","3,916","5,406","5,344","14,666","6,993","10,193","17,186","5,073","10,513","10,045","8,974","1,931","36,536","6,002","6,562","7,606","14,029","34,199","122,051"
2014,36-40,M,"3,907","2,031","11,239","4,788","21,965","5,133","5,791","6,501","17,425","7,440","11,471","18,911","6,036","10,439","10,672","10,189","2,204","39,540","4,729","5,108","8,874","13,933","32,644","130,485"
2014,36-40,F,"4,198","2,221","11,481","4,793","22,693","5,052","5,924","6,645","17,621","7,258","11,119","18,377","6,336","9,462","10,608","9,464","2,446","38,316","4,775","4,818","9,636","13,311","32,540","129,547"
2014,41-45,M,"4,068","2,328","11,823","5,169","23,388","5,454","6,004","7,361","18,819","8,101","12,284","20,385","6,374","7,867","10,867","10,910","2,586","38,604","5,037","4,524","10,275","11,675","31,511","132,707"
2014,41-45,F,"4,794","2,577","13,334","5,794","26,499","5,431","6,660","7,677","19,768","9,088","13,149","22,237","6,838","9,017","12,755","10,897","3,418","42,925","6,211","5,230","11,616","13,497","36,554","147,983"
2014,46-50,M,"4,670","2,556","13,498","6,547","27,271","5,259","6,877","7,630","19,766","10,787","14,373","25,160","6,774","10,477","13,628","11,220","3,396","45,495","7,338","6,109","11,646","14,111","39,204","156,896"
2014,46-50,F,"5,278","2,834","15,636","7,372","31,120","5,417","7,545","8,349","21,311","11,950","15,785","27,735","7,814","12,997","16,040","12,224","3,858","52,933","8,996","8,278","12,954","17,131","47,359","180,458"
2014,51-55,M,"5,850","2,936","17,555","8,220","34,561","5,620","8,788","8,913","23,321","14,517","17,607","32,124","8,435","15,676","19,106","14,175","4,145","61,537","10,700","10,555","14,214","20,039","55,508","207,051"
2014,51-55,F,"6,262","3,288","19,473","8,975","37,998","5,791","9,251","9,318","24,360","14,834","18,292","33,126","8,425","17,753","18,246","15,049","4,082","63,555","11,483","12,438","14,771","22,834","61,526","220,565"
2014,56-60,M,"5,660","3,027","16,608","7,694","32,989","5,249","9,014","8,155","22,418","12,401","15,987","28,388","7,060","15,836","16,598","13,469","3,802","56,765","10,162","10,705","12,317","19,969","53,153","193,713"
2014,56-60,F,"5,903","3,172","17,635","8,165","34,875","5,382","9,283","8,722","23,387","12,820","17,020","29,840","7,237","17,205","14,462","14,442","3,406","56,752","9,652","11,004","11,614","21,527","53,797","198,651"
2014,61-65,M,"5,047","2,940","14,709","6,425","29,121","5,008","7,742","7,419","20,169","9,476","13,791","23,267","5,581","13,406","11,204","11,431","3,009","44,631","7,277","7,783","8,728","16,599","40,387","157,575"
2014,61-65,F,"4,903","3,053","15,485","6,490","29,931","4,929","7,283","8,126","20,338","9,812","15,006","24,818","5,687","12,765","9,283","12,185","2,411","42,331","5,755","6,751","8,072","17,033","37,611","155,029"
2014,66-70,M,"3,289","2,079","10,231","4,256","19,855","3,537","5,058","5,675","14,270","6,628","10,559","17,187","4,029","8,062","6,784","8,710","1,812","29,397","3,975","4,268","5,488","10,707","24,438","105,147"
2014,66-70,F,"3,157","2,078","10,372","4,455","20,062","3,613","5,125","6,270","15,008","7,076","11,249","18,325","4,137","6,061","5,105","9,608","1,420","26,331","3,049","3,339","4,975","9,796","21,159","100,885"
2014,71 or above,M,"6,931","4,918","22,157","9,820","43,826","8,834","14,432","14,015","37,281","18,996","28,667","47,663","8,304","11,793","12,074","19,550","3,298","55,019","7,614","7,242","9,275","18,547","42,678","226,467"
2014,71 or above,F,"7,011","5,189","24,737","11,022","47,959","8,640","15,021","15,076","38,737","24,020","29,654","53,674","7,967","10,568","11,448","18,836","3,289","52,108","8,313","7,700","9,640","18,255","43,908","236,386"
2014,Total,M,"49,192","27,271","148,498","67,103","292,064","55,927","82,211","82,505","220,643","114,830","162,482","277,312","68,311","129,094","141,632","131,403","31,631","502,071","80,925","80,116","108,283","170,772","440,096","1,732,186"
2014,Total,F,"51,264","28,987","158,538","71,269","310,058","55,599","83,932","86,832","226,363","122,288","166,677","288,965","69,736","128,809","136,230","133,445","31,361","499,581","81,076","82,302","110,055","177,200","450,633","1,775,600"
2014,Grand Total,,"100,456","56,258","307,036","138,372","602,122","111,526","166,143","169,337","447,006","237,118","329,159","566,277","138,047","257,903","277,862","264,848","62,992","1,001,652","162,001","162,418","218,338","347,972","890,729","3,507,786"
2015,18-20,M,"1,206",663,"3,806","1,759","7,434","1,539","2,597","2,493","6,629","3,630","5,265","8,895","2,482","4,025","5,892","4,252","1,244","17,895","3,324","2,824","4,152","6,177","16,477","57,330"
2015,18-20,F,"1,101",607,"3,664","1,746","7,118","1,411","2,461","2,417","6,289","3,598","5,185","8,783","2,265","3,756","5,528","4,009","1,163","16,721","3,180","2,592","4,088","5,905","15,765","54,676"
2015,21-25,M,"2,882","1,585","9,066","4,109","17,642","3,515","5,930","5,546","14,991","9,285","13,000","22,285","5,175","11,000","14,627","10,469","2,722","43,993","8,219","7,635","9,578","14,097","39,529","138,440"
2015,21-25,F,"2,654","1,532","8,615","4,126","16,927","3,255","5,636","5,243","14,134","8,760","11,983","20,743","4,907","9,854","13,664","9,947","2,514","40,886","7,712","7,138","8,989","13,170","37,009","129,699"
2015,26-30,M,"2,820","1,606","8,549","4,086","17,061","3,345","5,519","5,001","13,865","7,500","10,351","17,851","4,409","10,091","11,846","9,458","2,103","37,907","7,139","7,180","8,276","12,338","34,933","121,617"
2015,26-30,F,"2,924","1,639","8,572","4,133","17,268","3,275","5,395","5,017","13,687","7,091","9,831","16,922","4,169","9,402","10,774","8,991","1,867","35,203","6,716","6,772","7,966","12,081","33,535","116,615"
2015,31-35,M,"3,267","2,007","9,285","4,694","19,253","4,052","5,810","5,474","15,336","7,362","11,136","18,498","5,077","11,226","11,368","9,348","1,974","38,993","6,852","7,258","8,111","14,443","36,664","128,744"
2015,31-35,F,"3,490","2,108","9,318","4,640","19,556","3,959","5,574","5,627","15,160","7,057","10,259","17,316","5,253","10,455","10,606","9,062","1,971","37,347","6,377","6,950","8,151","14,219","35,697","125,076"
2015,36-40,M,"3,942","2,475","10,663","4,733","21,813","5,075","5,927","6,744","17,746","7,372","11,923","19,295","6,442","11,193","11,077","10,140","2,220","41,072","5,156","5,489","8,924","14,694","34,263","134,189"
2015,36-40,F,"4,166","2,787","11,012","4,821","22,786","5,078","6,121","7,116","18,315","7,342","11,675","19,017","6,691","10,246","10,809","9,689","2,405","39,840","5,080","5,211","9,543","14,302","34,136","134,094"
2015,41-45,M,"4,342","3,044","11,841","5,382","24,609","5,859","6,420","8,071","20,350","8,300","13,073","21,373","6,897","8,632","11,479","11,553","2,717","41,278","5,152","4,840","10,819","12,870","33,681","141,291"
2015,41-45,F,"5,070","3,318","13,163","5,927","27,478","6,084","7,245","8,701","22,030","9,463","14,282","23,745","7,541","9,354","13,476","11,627","3,481","45,479","6,343","5,489","12,515","14,343","38,690","157,422"
2015,46-50,M,"4,589","3,001","12,593","6,303","26,486","5,356","6,994","8,040","20,390","10,331","14,623","24,954","6,861","9,857","13,217","11,467","3,268","44,670","6,864","5,793","11,642","13,459","37,758","154,258"
2015,46-50,F,"5,219","3,428","14,886","7,275","30,808","5,621","7,985","8,846","22,452","11,708","16,082","27,790","7,847","12,132","16,152","12,504","3,925","52,560","8,685","7,477","13,280","16,566","46,008","179,618"
2015,51-55,M,"5,737","3,566","16,838","8,141","34,282","5,939","8,826","9,497","24,262","14,373","17,632","32,005","8,692","15,108","19,002","14,029","4,243","61,074","10,559","9,738","14,497","19,521","54,315","205,938"
2015,51-55,F,"6,446","3,952","18,896","8,916","38,210","6,149","9,554","10,177","25,880","15,293","19,087","34,380","9,076","17,584","19,515","15,446","4,399","66,020","11,620","12,333","15,655","22,696","62,304","226,794"
2015,56-60,M,"5,947","3,676","16,820","8,055","34,498","5,578","9,711","9,053","24,342","13,597","17,233","30,830","7,825","16,375","18,408","14,523","4,151","61,282","11,046","11,518","13,797","21,035","57,396","208,348"
2015,56-60,F,"6,046","3,996","17,988","8,659","36,689","5,718","10,064","9,557","25,339","13,934","18,219","32,153","7,934","17,977","16,286","15,529","3,778","61,504","10,800","11,890","13,189","22,735","58,614","214,299"
2015,61-65,M,"5,085","3,548","14,325","6,791","29,749","5,197","8,226","7,849","21,272","10,151","14,432","24,583","6,033","14,210","12,758","12,002","3,250","48,253","8,255","8,597","9,659","17,479","43,990","167,847"
2015,61-65,F,"5,172","3,830","15,310","6,958","31,270","5,176","8,174","8,822","22,172","10,672","15,964","26,636","6,224","14,170","10,820","13,003","2,775","46,992","6,749","7,916","9,079","18,669","42,413","169,483"
2015,66-70,M,"3,984","3,012","11,413","4,944","23,353","4,032","6,079","6,699","16,810","7,395","11,733","19,128","4,648","9,525","8,021","9,682","2,223","34,099","4,829","5,233","6,532","12,651","29,245","122,635"
2015,66-70,F,"3,838","3,222","11,762","5,225","24,047","4,348","6,117","7,360","17,825","8,212","13,005","21,217","4,740","7,647","6,348","11,012","1,714","31,461","3,738","4,169","6,065","12,019","25,991","120,541"
2015,71 or above,M,"7,153","6,393","21,532","9,935","45,013","9,196","14,691","14,748","38,635","19,025","29,359","48,384","8,762","12,671","12,999","20,659","3,472","58,563","7,991","7,671","10,059","19,600","45,321","235,916"
2015,71 or above,F,"7,467","6,792","24,586","11,279","50,124","9,124","15,650","16,195","40,969","24,404","31,015","55,419","8,627","11,114","12,285","20,454","3,474","55,954","8,514","8,116","10,534","19,442","46,606","249,072"
2015,Total,M,"50,954","34,576","146,731","68,932","301,193","58,683","86,730","89,215","234,628","118,321","169,760","288,081","73,303","133,913","150,694","137,582","33,587","529,079","85,386","83,776","116,046","178,364","463,572","1,816,553"
2015,Total,F,"53,593","37,211","157,772","73,705","322,281","59,198","89,976","95,078","244,252","127,534","176,587","304,121","75,274","133,691","146,263","141,273","33,466","529,967","85,514","86,053","119,054","186,147","476,768","1,877,389"
2015,Grand Total,,"104,547","71,787","304,503","142,637","623,474","117,881","176,706","184,293","478,880","245,855","346,347","592,202","148,577","267,604","296,957","278,855","67,053","1,059,046","170,900","169,829","235,100","364,511","940,340","3,693,942"
2016,18-20,M,"1,262",704,"4,200","1,897","8,063","1,745","2,873","2,783","7,401","4,069","5,954","10,023","2,673","4,359","6,432","4,765","1,408","19,637","3,613","3,059","4,722","6,700","18,094","63,218"
2016,18-20,F,"1,238",662,"3,927","1,876","7,703","1,632","2,764","2,552","6,948","3,914","5,902","9,816","2,440","4,023","6,124","4,537","1,380","18,504","3,414","2,871","4,654","6,439","17,378","60,349"
2016,21-25,M,"2,818","1,557","8,926","4,047","17,348","3,474","5,888","5,537","14,899","9,127","12,779","21,906","5,267","10,811","14,845","10,367","2,747","44,037","7,942","7,451","9,798","14,318","39,509","137,699"
2016,21-25,F,"2,619","1,468","8,449","4,047","16,583","3,285","5,639","5,310","14,234","8,725","11,843","20,568","5,013","9,712","13,918","9,854","2,525","41,022","7,602","6,908","9,318","13,365","37,193","129,600"
2016,26-30,M,"2,908","1,616","8,847","4,090","17,461","3,463","5,805","5,294","14,562","8,038","11,184","19,222","4,793","10,489","12,683","10,025","2,263","40,253","7,819","7,756","9,036","13,347","37,958","129,456"
2016,26-30,F,"2,956","1,692","8,788","4,137","17,573","3,452","5,648","5,171","14,271","7,486","10,374","17,860","4,503","9,803","11,678","9,465","2,059","37,508","7,248","7,478","8,654","12,952","36,332","123,544"
2016,31-35,M,"3,327","1,987","9,482","4,803","19,599","4,128","6,018","5,492","15,638","7,463","11,185","18,648","5,248","11,219","12,009","9,698","2,035","40,209","7,110","7,654","8,819","15,081","38,664","132,758"
2016,31-35,F,"3,554","2,130","9,414","4,677","19,775","3,892","5,692","5,653","15,237","7,074","10,169","17,243","5,477","10,429","11,194","9,258","1,991","38,349","6,685","7,315","8,774","15,047","37,821","128,425"
2016,36-40,M,"3,810","2,464","10,564","4,739","21,577","5,005","6,018","6,610","17,633","7,298","11,736","19,034","6,449","11,544","11,335","10,016","2,216","41,560","5,451","6,014","9,023","15,408","35,896","135,700"
2016,36-40,F,"4,146","2,723","10,892","4,849","22,610","5,153","6,238","7,243","18,634","7,357","11,670","19,027","6,755","10,646","10,971","9,682","2,339","40,393","5,419","5,682","9,633","15,223","35,957","136,621"
2016,41-45,M,"4,410","3,019","11,862","5,382","24,673","5,904","6,655","8,252","20,811","8,406","13,207","21,613","7,287","9,079","11,838","11,764","2,679","42,647","5,096","5,205","11,062","14,086","35,449","145,193"
2016,41-45,F,"5,072","3,397","13,208","6,063","27,740","6,238","7,609","8,879","22,726","9,482","14,573","24,055","7,751","9,600","13,642","11,865","3,445","46,303","6,255","5,792","12,851","15,232","40,130","160,954"
2016,46-50,M,"4,432","3,046","12,264","6,114","25,856","5,531","7,018","8,045","20,594","9,784","14,225","24,009","6,825","9,217","12,861","11,381","3,148","43,432","6,446","5,493","11,509","13,167","36,615","150,506"
2016,46-50,F,"5,107","3,351","14,454","6,950","29,862","5,738","8,051","8,906","22,695","11,320","16,028","27,348","7,747","11,452","16,102","12,425","3,940","51,666","8,387","7,107","13,415","16,301","45,210","176,781"
2016,51-55,M,"5,625","3,522","16,296","8,007","33,450","5,959","8,683","9,344","23,986","14,016","17,758","31,774","8,600","14,367","18,617","13,632","4,188","59,404","10,115","9,187","14,407","18,904","52,613","201,227"
2016,51-55,F,"6,291","3,839","18,672","8,959","37,761","6,203","9,704","10,199","26,106","15,370","19,215","34,585","9,318","17,102","20,173","15,538","4,424","66,555","11,523","11,851","16,036","22,470","61,880","226,887"
2016,56-60,M,"5,964","3,594","16,974","8,066","34,598","5,682","9,842","9,298","24,822","14,104","17,633","31,737","8,124","16,536","19,571","14,861","4,275","63,367","11,397","11,900","14,569","21,653","59,519","214,043"
2016,56-60,F,"6,085","3,965","18,306","8,769","37,125","5,798","10,263","9,607","25,668","14,439","18,729","33,168","8,165","18,048","17,242","15,885","3,914","63,254","11,213","12,669","14,065","23,451","61,398","220,613"
2016,61-65,M,"5,034","3,483","14,440","6,912","29,869","5,113","8,447","7,762","21,322","10,409","14,563","24,972","6,237","14,319","13,757","12,337","3,378","50,028","8,727","9,148","10,257","17,995","46,127","172,318"
2016,61-65,F,"5,262","3,767","15,532","7,194","31,755","5,264","8,666","8,881","22,811","11,046","16,353","27,399","6,409","14,966","11,928","13,388","2,921","49,612","7,405","8,633","9,659","19,518","45,215","176,792"
2016,66-70,M,"4,326","3,173","12,374","5,383","25,256","4,429","6,601","7,231","18,261","7,989","12,539","20,528","4,968","10,459","8,965","10,180","2,464","37,036","5,407","5,847","7,271","13,907","32,432","133,513"
2016,66-70,F,"4,151","3,399","12,977","5,634","26,161","4,637","6,663","7,820","19,120","8,754","13,978","22,732","5,105","8,730","7,179","11,696","1,926","34,636","4,195","4,804","6,789","13,543","29,331","131,980"
2016,71 or above,M,"7,136","6,281","21,683","9,867","44,967","9,131","14,545","14,710","38,386","18,924","29,459","48,383","8,876","13,121","13,347","21,032","3,519","59,895","8,146","7,814","10,466","20,289","46,715","238,346"
2016,71 or above,F,"7,471","6,807","24,850","11,314","50,442","9,179","15,749","16,436","41,364","24,430","31,487","55,917","8,935","11,259","12,454","21,101","3,455","57,204","8,457","8,082","11,021","20,075","47,635","252,562"
2016,Total,M,"51,052","34,446","147,912","69,307","302,717","59,564","88,393","90,358","238,315","119,627","172,222","291,849","75,347","135,520","156,260","140,058","34,320","541,505","87,269","86,528","120,939","184,855","479,591","1,853,977"
2016,Total,F,"53,952","37,200","159,469","74,469","325,090","60,471","92,686","96,657","249,814","129,397","180,321","309,718","77,618","135,770","152,605","144,694","34,319","545,006","87,803","89,192","124,869","193,616","495,480","1,925,108"
2016,Grand Total,,"105,004","71,646","307,381","143,776","627,807","120,035","181,079","187,015","488,129","249,024","352,543","601,567","152,965","271,290","308,865","284,752","68,639","1,086,511","175,072","175,720","245,808","378,471","975,071","3,779,085"
