dc,ps,gc,electors,0830,0930,1030,1130,1230,1330,1430,1530,1630,1730,1830,1930,2030,2130,2230
A,A01,A0101,"4,375 ",0.73%,2.08%,4.48%,7.57%,11.36%,14.19%,17.07%,19.95%,23.38%,25.71%,28.25%,30.10%,31.79%,34.54%,36.23%
A,A01,A0102,839 ,1.07%,1.67%,3.22%,5.01%,8.82%,10.97%,13.59%,16.45%,20.14%,21.57%,23.96%,27.06%,28.25%,32.30%,34.21%
A,A02,A0201,"7,038 ",0.67%,1.95%,4.11%,6.78%,9.69%,11.98%,14.34%,16.92%,19.49%,21.99%,24.98%,27.68%,29.75%,32.38%,35.65%
A,A03,A0301,"6,831 ",0.75%,1.80%,3.57%,5.58%,8.12%,9.98%,12.63%,14.71%,17.29%,19.63%,21.96%,24.52%,26.20%,28.91%,32.53%
A,A04,A0401,"3,812 ",0.71%,2.52%,4.56%,7.19%,10.41%,13.80%,17.31%,20.57%,25.31%,28.93%,31.69%,35.94%,37.93%,41.13%,44.23%
A,A04,A0402,"1,171 ",1.71%,4.44%,6.15%,10.33%,14.94%,20.41%,23.57%,26.81%,31.85%,34.24%,39.54%,45.43%,49.10%,52.43%,56.28%
A,A05,A0501,"8,122 ",0.53%,1.71%,3.34%,5.81%,8.53%,10.96%,13.25%,15.61%,17.74%,20.35%,22.72%,25.18%,27.55%,30.37%,33.83%
A,A06,A0601,"6,795 ",1.75%,4.24%,7.55%,11.36%,15.23%,18.43%,22.16%,25.06%,28.21%,31.96%,34.86%,38.32%,41.77%,44.99%,47.92%
A,A07,A0701,"7,605 ",1.54%,5.09%,8.76%,13.56%,18.12%,20.59%,23.92%,27.21%,30.43%,33.52%,37.73%,40.45%,43.80%,46.69%,49.68%
A,A08,A0801,"7,633 ",0.81%,3.20%,6.59%,10.43%,14.02%,16.74%,19.82%,23.06%,26.39%,29.74%,32.70%,34.93%,37.90%,40.88%,44.06%
A,A09,A0901,"9,668 ",0.71%,2.23%,4.91%,8.24%,11.56%,14.22%,17.63%,21.09%,24.14%,26.76%,30.06%,33.11%,36.21%,39.52%,43.11%
A,A10,A1001,"7,869 ",0.81%,2.41%,4.89%,7.28%,9.57%,11.62%,13.95%,16.34%,19.33%,22.06%,24.86%,26.80%,28.99%,31.38%,33.61%
A,A11,A1101,"7,701 ",1.09%,3.12%,6.03%,9.14%,12.30%,14.88%,17.28%,19.83%,22.69%,25.24%,27.70%,30.19%,32.31%,34.59%,36.46%
A,A12,A1201,"7,357 ",0.88%,2.81%,5.40%,8.09%,12.36%,15.51%,18.88%,21.99%,23.83%,25.85%,28.60%,30.52%,32.47%,34.67%,36.62%
A,A13,A1301,"3,288 ",1.03%,3.50%,6.42%,9.70%,13.78%,20.26%,24.42%,25.33%,26.19%,28.74%,31.66%,34.28%,35.80%,38.02%,40.48%
A,A13,A1302,"2,021 ",1.58%,4.75%,8.41%,11.68%,15.19%,18.85%,22.17%,25.63%,27.86%,30.58%,33.80%,36.81%,39.44%,42.60%,44.33%
A,A14,A1401,"6,965 ",1.05%,3.36%,6.66%,10.38%,13.58%,16.08%,19.07%,21.91%,25.03%,27.58%,31.56%,34.24%,36.68%,40.07%,42.79%
A,A15,A1501,"7,671 ",1.19%,3.49%,7.94%,9.91%,13.32%,15.90%,18.64%,21.57%,24.87%,27.66%,30.34%,32.94%,35.52%,37.96%,40.61%
B,B01,B0101,"5,229 ",0.76%,2.52%,5.26%,8.40%,11.59%,14.30%,16.87%,18.89%,21.78%,24.25%,26.45%,28.15%,30.46%,33.18%,35.17%
B,B02,B0201,"6,389 ",1.19%,3.71%,7.03%,10.93%,13.91%,16.29%,19.02%,21.66%,24.76%,26.69%,28.75%,30.80%,32.81%,35.04%,36.75%
B,B04,B0401,"5,816 ",0.86%,2.32%,4.57%,7.41%,10.59%,12.67%,14.86%,17.30%,19.74%,22.01%,23.97%,25.67%,27.65%,29.49%,31.21%
B,B05,B0501,"6,024 ",1.01%,3.15%,5.71%,8.76%,12.33%,15.36%,19.19%,21.85%,24.75%,27.62%,30.84%,33.02%,35.31%,37.52%,40.37%
B,B06,B0601,"5,778 ",0.48%,1.47%,3.17%,4.79%,7.13%,9.26%,11.70%,14.26%,16.67%,19.38%,22.17%,24.84%,27.19%,29.68%,33.21%
B,B07,B0701,"5,201 ",0.87%,2.73%,5.08%,7.27%,10.57%,13.02%,15.96%,19.40%,22.82%,24.82%,28.09%,30.34%,33.57%,37.07%,39.55%
B,B08,B0801,"5,600 ",1.02%,2.80%,5.29%,8.34%,11.98%,14.88%,18.16%,20.63%,23.73%,26.29%,29.11%,31.55%,34.48%,36.89%,39.43%
B,B09,B0901,"2,304 ",0.39%,1.30%,2.43%,5.38%,7.42%,9.81%,12.67%,14.89%,18.19%,20.05%,21.70%,23.57%,24.87%,27.17%,28.47%
B,B09,B0902,"2,855 ",0.70%,2.07%,4.06%,6.30%,8.37%,10.54%,12.71%,14.40%,17.72%,20.28%,22.91%,24.97%,27.50%,29.32%,33.35%
B,B10,B1001,"4,910 ",1.36%,4.01%,6.46%,11.36%,14.93%,17.82%,20.79%,23.81%,26.40%,28.66%,31.12%,33.36%,35.62%,38.00%,39.92%
B,B11,B1101,"5,567 ",1.83%,4.92%,8.25%,12.48%,16.65%,19.87%,23.39%,26.39%,29.87%,32.08%,34.36%,36.79%,39.37%,41.53%,43.56%
C,C01,C0101,"8,596 ",1.14%,2.98%,5.85%,9.52%,13.05%,16.47%,20.64%,24.16%,27.93%,31.76%,34.92%,37.81%,40.73%,43.99%,47.56%
C,C02,C0201,"9,933 ",0.79%,2.96%,4.63%,7.12%,10.79%,13.06%,16.18%,18.93%,21.92%,24.97%,28.18%,30.63%,33.86%,36.61%,40.20%
C,C03,C0301,"9,264 ",0.65%,2.82%,5.21%,7.70%,10.49%,12.67%,15.14%,17.47%,20.27%,22.83%,25.50%,27.84%,30.09%,32.93%,35.92%
C,C05,C0501,"6,428 ",1.10%,3.39%,6.24%,8.98%,12.13%,14.97%,17.89%,20.49%,23.30%,25.62%,28.13%,30.18%,32.72%,35.41%,37.41%
C,C06,C0601,"5,479 ",0.46%,1.64%,3.50%,5.84%,8.36%,10.22%,12.47%,14.77%,16.99%,19.22%,21.56%,23.71%,25.99%,28.65%,31.14%
C,C06,C0602,"6,646 ",1.10%,3.02%,6.08%,8.98%,11.39%,13.39%,15.80%,17.92%,20.39%,22.51%,24.81%,26.69%,28.47%,30.60%,32.11%
C,C07,C0701,"10,116 ",0.62%,2.25%,5.37%,8.91%,12.08%,15.17%,18.15%,21.37%,24.56%,28.06%,31.11%,34.02%,36.89%,41.15%,46.14%
C,C08,C0801,"8,646 ",1.83%,4.97%,9.29%,13.49%,17.15%,20.67%,24.28%,26.84%,30.19%,33.97%,37.45%,40.72%,43.72%,46.50%,49.98%
C,C09,C0901,"8,670 ",1.35%,3.17%,6.27%,10.80%,14.58%,17.85%,21.42%,25.10%,28.28%,31.87%,34.84%,38.21%,41.51%,45.13%,48.26%
C,C11,C1101,"11,060 ",1.05%,3.56%,7.08%,10.86%,14.69%,17.91%,21.61%,24.81%,27.94%,31.16%,34.58%,38.06%,41.06%,44.23%,47.81%
C,C13,C1301,"9,482 ",1.63%,4.70%,8.05%,11.92%,14.59%,17.61%,19.36%,22.17%,24.96%,27.28%,29.77%,31.87%,34.40%,36.33%,38.11%
C,C16,C1601,"3,118 ",0.48%,1.76%,3.11%,4.49%,6.48%,8.43%,10.90%,12.89%,15.36%,17.29%,19.21%,20.49%,21.68%,24.18%,27.29%
C,C16,C1602,"4,710 ",1.89%,5.29%,10.36%,15.29%,19.04%,22.34%,25.67%,28.28%,31.80%,34.80%,38.73%,41.08%,43.42%,45.99%,48.47%
C,C19,C1901,"8,257 ",0.74%,2.43%,4.90%,7.67%,11.02%,13.84%,16.64%,19.84%,22.42%,25.65%,28.47%,31.27%,33.74%,36.41%,39.11%
C,C23,C2301,"8,159 ",0.74%,1.78%,3.46%,5.91%,8.42%,10.96%,13.63%,16.23%,19.02%,21.36%,23.50%,25.76%,28.05%,30.47%,32.44%
C,C26,C2601,"8,240 ",0.87%,2.50%,5.58%,8.82%,12.05%,15.18%,18.26%,21.65%,24.83%,28.58%,31.92%,34.70%,37.44%,40.39%,43.71%
C,C27,C2701,"7,703 ",0.68%,3.02%,6.02%,9.85%,14.07%,18.25%,22.90%,27.81%,31.59%,34.69%,39.08%,42.20%,45.33%,48.98%,51.77%
C,C28,C2801,"7,553 ",1.14%,3.39%,6.21%,9.08%,12.14%,15.01%,18.22%,21.63%,24.23%,27.30%,30.56%,33.15%,35.48%,38.17%,42.00%
C,C29,C2901,"6,159 ",1.67%,3.99%,6.58%,9.45%,12.45%,14.60%,17.26%,20.15%,22.71%,25.47%,28.62%,31.21%,33.74%,37.04%,40.62%
C,C29,C2902,"6,199 ",1.60%,3.74%,6.00%,9.02%,11.53%,13.70%,16.29%,19.65%,22.46%,24.75%,28.41%,31.02%,33.68%,36.96%,40.23%
C,C30,C3001,"8,706 ",0.71%,2.37%,5.18%,7.97%,10.85%,13.68%,16.46%,19.18%,21.94%,25.05%,28.05%,30.70%,32.94%,35.71%,38.77%
C,C31,C3101,"4,740 ",0.70%,2.41%,4.92%,7.97%,10.23%,12.15%,14.70%,16.65%,18.69%,20.80%,23.19%,25.23%,27.83%,30.00%,31.90%
C,C31,C3102,"3,384 ",0.92%,2.81%,4.70%,7.06%,9.69%,11.82%,13.74%,16.31%,18.53%,20.83%,23.61%,25.77%,27.93%,30.17%,32.03%
C,C33,C3301,"3,870 ",1.58%,3.77%,8.17%,11.68%,14.57%,16.20%,19.33%,21.94%,24.13%,26.74%,29.15%,32.17%,34.57%,36.82%,39.33%
C,C33,C3302,"4,864 ",2.24%,6.06%,10.49%,13.24%,16.47%,18.54%,20.35%,22.78%,25.35%,27.51%,30.18%,32.85%,35.30%,38.06%,40.67%
C,C34,C3401,"6,720 ",1.53%,3.47%,6.93%,10.65%,14.24%,17.46%,21.55%,25.07%,28.81%,32.63%,36.44%,38.93%,42.13%,45.36%,49.64%
C,C34,C3402,"1,170 ",1.88%,3.50%,7.44%,11.37%,14.79%,17.86%,22.82%,25.64%,27.86%,31.62%,34.44%,37.69%,39.91%,43.33%,44.79%
C,C35,C3501,"6,859 ",0.47%,1.66%,4.02%,7.07%,9.58%,11.97%,14.90%,17.48%,20.22%,23.37%,27.07%,28.39%,30.82%,33.56%,36.40%
C,C37,C3701,"6,582 ",0.65%,3.04%,6.55%,9.86%,12.47%,15.09%,17.52%,20.21%,23.18%,25.78%,28.76%,32.03%,34.46%,37.21%,40.73%
C,C37,C3702,"2,462 ",0.69%,2.27%,4.14%,6.21%,8.57%,11.01%,13.40%,15.27%,18.07%,20.27%,23.35%,25.63%,27.38%,29.61%,32.13%
D,D03,D0301,"5,192 ",1.52%,4.24%,8.20%,11.06%,13.67%,16.35%,18.99%,22.28%,24.85%,27.68%,30.99%,33.63%,35.82%,39.18%,42.26%
D,D03,D0302,640 ,0.16%,2.34%,4.69%,6.56%,9.06%,10.63%,12.34%,15.47%,19.38%,22.50%,25.78%,27.66%,31.25%,33.91%,36.09%
D,D04,D0401,"10,042 ",1.10%,3.63%,6.26%,9.58%,12.18%,14.60%,17.45%,20.58%,23.25%,25.28%,29.86%,32.71%,35.82%,39.66%,43.08%
D,D05,D0501,"9,286 ",1.86%,5.47%,9.69%,14.01%,17.48%,20.44%,23.21%,26.30%,29.10%,31.82%,35.49%,39.17%,42.01%,44.57%,48.02%
D,D06,D0601,"6,870 ",0.79%,2.87%,5.55%,9.30%,13.22%,16.39%,20.09%,23.39%,26.93%,31.25%,34.75%,37.60%,41.35%,45.71%,50.92%
D,D07,D0701,"7,594 ",0.68%,3.04%,5.72%,8.86%,13.02%,16.28%,20.04%,23.51%,28.01%,31.64%,36.23%,39.68%,43.13%,48.06%,53.54%
D,D08,D0801,"11,126 ",1.09%,3.89%,8.28%,12.24%,15.63%,18.57%,21.10%,24.04%,27.49%,30.80%,34.17%,37.32%,40.52%,43.26%,46.43%
D,D09,D0901,"8,464 ",1.13%,3.98%,8.07%,11.57%,12.81%,14.89%,17.06%,18.96%,21.18%,24.01%,26.76%,28.96%,31.45%,33.94%,35.96%
D,D10,D1001,"9,336 ",1.38%,3.94%,7.53%,11.46%,14.76%,17.47%,20.55%,23.39%,26.50%,29.57%,32.93%,36.01%,38.55%,41.26%,43.81%
D,D11,D1101,"1,434 ",0.42%,1.88%,4.32%,7.32%,11.51%,14.02%,18.27%,21.20%,24.83%,29.01%,33.26%,35.29%,37.94%,40.24%,42.89%
D,D11,D1102,"2,184 ",0.64%,1.60%,3.57%,6.59%,10.21%,13.74%,16.48%,18.73%,22.57%,25.50%,29.21%,32.74%,35.44%,39.56%,43.13%
D,D11,D1103,"1,478 ",0.34%,1.62%,3.79%,8.19%,12.11%,16.71%,19.96%,24.09%,27.40%,30.65%,33.63%,37.28%,40.93%,44.65%,48.65%
D,D14,D1401,"12,006 ",1.73%,5.01%,8.60%,11.49%,13.96%,16.46%,18.62%,20.53%,22.85%,25.20%,27.40%,29.76%,32.08%,34.39%,37.10%
D,D15,D1501,"2,696 ",1.71%,3.67%,6.16%,9.42%,12.24%,15.58%,18.43%,20.73%,24.11%,26.30%,29.27%,32.08%,35.57%,38.54%,42.17%
D,D15,D1502,"6,159 ",1.45%,3.96%,7.19%,11.87%,13.95%,17.60%,20.78%,24.05%,26.95%,30.04%,33.80%,37.57%,40.04%,45.19%,49.07%
D,D16,D1601,"1,699 ",0.88%,2.77%,5.47%,8.71%,12.01%,14.71%,16.95%,19.95%,23.90%,27.31%,30.96%,33.84%,35.14%,36.61%,39.67%
D,D16,D1602,"1,524 ",0.98%,2.17%,4.99%,8.14%,11.29%,14.83%,17.85%,20.54%,23.23%,25.20%,29.13%,32.81%,34.91%,37.20%,40.42%
D,D17,D1701,"6,607 ",1.51%,4.09%,7.51%,10.78%,13.30%,15.83%,18.30%,20.64%,22.73%,25.08%,27.58%,30.30%,32.81%,35.87%,39.47%
D,D17,D1702,"1,207 ",2.49%,8.04%,13.01%,20.38%,25.43%,29.33%,33.31%,35.21%,39.19%,43.83%,46.89%,50.12%,53.85%,56.92%,59.57%
E,E01,E0101,"3,493 ",0.46%,2.12%,3.75%,6.99%,9.96%,12.54%,15.23%,18.21%,21.41%,23.93%,26.85%,29.63%,32.15%,35.07%,38.02%
E,E02,E0201,"7,355 ",1.10%,3.20%,5.13%,7.61%,9.78%,12.13%,14.09%,16.36%,18.87%,21.18%,23.97%,26.15%,28.05%,30.09%,31.76%
E,E03,E0301,"9,044 ",0.77%,2.50%,5.75%,7.98%,10.31%,12.53%,14.74%,17.47%,20.19%,22.62%,24.59%,26.90%,29.05%,31.13%,32.73%
E,E04,E0401,"9,155 ",0.94%,4.00%,7.01%,10.56%,13.77%,16.66%,19.79%,22.53%,25.73%,28.62%,31.74%,34.58%,36.95%,39.43%,41.59%
E,E05,E0501,"9,698 ",0.93%,2.59%,5.23%,8.49%,11.12%,13.64%,16.28%,19.11%,22.19%,24.99%,27.60%,30.27%,32.92%,35.74%,38.02%
E,E06,E0601,"7,323 ",1.02%,3.35%,6.36%,9.75%,12.44%,14.93%,17.55%,20.13%,22.93%,25.24%,28.02%,30.29%,32.72%,34.77%,36.53%
E,E08,E0801,"3,902 ",0.59%,2.95%,5.74%,10.12%,14.02%,18.81%,22.73%,27.42%,30.86%,34.34%,37.78%,40.26%,44.00%,47.36%,51.72%
E,E09,E0901,"5,495 ",1.16%,3.29%,6.81%,10.30%,13.45%,16.16%,19.11%,21.87%,25.19%,27.52%,30.59%,32.88%,35.52%,38.27%,40.24%
E,E10,E1001,"6,297 ",0.94%,3.35%,6.18%,9.26%,12.34%,14.77%,17.50%,20.53%,24.03%,26.89%,29.73%,32.76%,35.73%,38.83%,42.07%
E,E11,E1101,"6,738 ",1.38%,3.62%,7.05%,10.85%,13.95%,17.71%,20.96%,23.61%,26.30%,28.52%,32.72%,34.97%,37.85%,40.47%,43.23%
E,E12,E1201,"7,682 ",0.77%,2.77%,5.48%,8.66%,11.60%,14.48%,17.37%,19.85%,22.88%,25.23%,28.69%,31.05%,33.21%,35.68%,37.93%
E,E13,E1301,"5,951 ",0.66%,2.55%,6.05%,9.28%,12.18%,14.62%,18.05%,20.57%,23.19%,25.61%,27.94%,30.28%,32.20%,34.46%,36.36%
E,E14,E1401,"5,943 ",1.40%,3.85%,6.81%,10.52%,12.84%,15.38%,18.26%,21.13%,23.79%,25.74%,27.92%,30.17%,33.01%,35.72%,37.66%
E,E15,E1501,"5,935 ",1.21%,3.94%,7.26%,11.05%,14.59%,17.32%,20.25%,22.73%,25.98%,28.29%,30.55%,32.77%,34.64%,36.46%,38.23%
E,E16,E1601,"4,060 ",1.48%,3.28%,6.16%,8.99%,12.41%,15.22%,17.88%,21.35%,24.46%,26.38%,30.37%,32.78%,35.30%,37.83%,40.47%
E,E16,E1602,"3,209 ",0.50%,1.59%,3.18%,4.71%,7.04%,9.04%,11.50%,14.02%,16.52%,18.04%,20.38%,22.44%,24.77%,26.86%,29.42%
E,E17,E1701,"6,932 ",0.53%,1.64%,3.00%,5.35%,8.04%,10.08%,12.56%,15.49%,17.63%,19.63%,22.49%,25.76%,27.87%,30.12%,32.29%
F,F01,F0101,"5,016 ",0.60%,2.93%,5.58%,8.79%,12.72%,16.55%,19.22%,22.01%,25.50%,28.57%,32.12%,35.09%,37.46%,40.21%,42.62%
F,F03,F0301,"7,188 ",0.71%,2.59%,6.02%,9.50%,12.21%,15.01%,18.42%,20.91%,24.00%,26.45%,29.66%,32.40%,35.21%,38.15%,40.60%
F,F04,F0401,"8,889 ",0.55%,2.59%,5.40%,8.44%,10.75%,13.06%,15.33%,17.43%,19.93%,22.30%,25.17%,27.22%,29.64%,32.03%,33.94%
F,F05,F0501,"6,935 ",0.95%,2.55%,4.64%,6.92%,8.94%,10.68%,13.05%,15.04%,17.19%,19.65%,22.09%,23.65%,25.71%,26.92%,28.26%
F,F06,F0601,"6,505 ",1.00%,2.74%,5.60%,8.18%,10.96%,13.11%,15.37%,17.54%,20.02%,22.06%,25.06%,27.27%,29.58%,31.27%,32.94%
F,F07,F0701,"5,967 ",0.82%,3.07%,5.35%,9.18%,12.20%,14.85%,17.16%,19.86%,23.29%,25.99%,29.73%,32.83%,35.96%,39.27%,41.75%
F,F08,F0801,"8,758 ",1.92%,5.39%,9.48%,13.44%,16.18%,18.95%,21.47%,24.54%,27.52%,30.60%,34.35%,37.90%,41.68%,45.32%,48.55%
F,F09,F0901,"9,729 ",1.55%,5.03%,9.21%,13.71%,17.62%,20.97%,24.63%,27.95%,32.58%,35.72%,38.95%,41.99%,44.87%,48.08%,50.39%
F,F10,F1001,"8,002 ",1.66%,5.32%,8.25%,12.05%,15.02%,17.35%,20.09%,23.28%,26.36%,29.22%,32.22%,34.44%,36.72%,39.84%,41.83%
F,F11,F1101,"9,007 ",1.25%,3.96%,7.44%,11.60%,15.10%,18.19%,21.61%,24.64%,28.26%,31.42%,35.58%,38.85%,42.44%,45.82%,50.22%
F,F12,F1201,"8,011 ",1.00%,3.18%,7.12%,11.28%,15.52%,19.15%,22.98%,26.59%,30.20%,34.18%,37.29%,40.57%,43.44%,47.80%,51.12%
F,F13,F1301,"7,149 ",0.57%,2.95%,6.10%,9.67%,13.34%,16.45%,20.14%,23.16%,26.84%,29.72%,32.80%,36.24%,38.86%,42.01%,45.45%
F,F14,F1401,"7,698 ",1.22%,3.27%,6.22%,9.74%,12.95%,15.38%,18.86%,21.67%,25.21%,27.57%,31.25%,33.59%,36.22%,39.00%,41.48%
F,F15,F1501,"6,609 ",0.70%,2.28%,5.70%,9.31%,13.22%,16.30%,19.67%,23.10%,26.13%,29.82%,33.33%,36.16%,38.96%,43.26%,47.77%
F,F16,F1601,"12,290 ",2.47%,6.23%,10.57%,15.26%,19.45%,22.26%,25.52%,28.36%,32.28%,35.58%,38.59%,41.64%,43.38%,45.84%,47.93%
F,F17,F1701,"9,865 ",1.42%,4.52%,8.58%,11.87%,14.97%,17.45%,20.43%,23.41%,26.60%,29.63%,32.61%,34.80%,38.05%,40.63%,43.28%
F,F18,F1801,"9,032 ",1.72%,5.04%,9.43%,13.14%,16.14%,19.02%,22.27%,24.77%,27.90%,30.97%,34.15%,36.74%,39.26%,42.07%,44.73%
F,F19,F1901,"5,229 ",0.55%,1.78%,3.82%,6.33%,9.56%,11.80%,15.43%,18.15%,20.67%,23.10%,25.86%,29.09%,31.73%,34.79%,39.19%
F,F20,F2001,"11,222 ",1.38%,4.56%,7.97%,11.33%,14.77%,17.12%,20.14%,23.52%,26.03%,28.84%,31.86%,34.13%,36.85%,39.64%,42.01%
F,F21,F2101,"4,078 ",1.03%,3.09%,5.66%,8.31%,11.06%,13.66%,16.36%,18.64%,21.78%,24.91%,27.88%,30.68%,33.45%,36.46%,40.14%
F,F21,F2102,"4,398 ",0.80%,3.73%,6.73%,10.48%,13.42%,15.69%,19.01%,21.65%,24.53%,27.47%,30.22%,33.36%,36.15%,39.09%,41.93%
G,G01,G0101,"9,465 ",1.23%,4.33%,8.38%,12.42%,16.23%,18.88%,22.19%,25.32%,28.60%,31.88%,35.14%,37.87%,40.49%,43.36%,46.74%
G,G02,G0201,"7,144 ",0.99%,3.19%,5.82%,8.90%,11.55%,13.66%,15.55%,19.32%,22.10%,24.96%,28.22%,30.75%,32.95%,36.17%,38.51%
G,G03,G0301,"6,654 ",1.49%,4.25%,8.03%,11.03%,13.99%,16.37%,19.30%,21.72%,24.41%,26.65%,29.50%,31.73%,33.86%,36.05%,38.32%
G,G05,G0501,"10,280 ",1.40%,4.11%,7.44%,10.15%,13.58%,15.86%,18.97%,21.72%,24.71%,27.68%,30.78%,33.38%,35.79%,38.41%,41.35%
G,G06,G0601,"5,731 ",0.98%,2.30%,4.54%,7.49%,10.96%,13.85%,16.52%,19.39%,22.13%,24.17%,27.13%,29.92%,32.42%,35.04%,37.48%
G,G06,G0602,"3,335 ",1.41%,3.78%,7.11%,11.12%,12.77%,15.44%,17.27%,20.24%,23.12%,26.12%,29.36%,32.35%,34.75%,37.99%,42.04%
G,G07,G0701,"3,187 ",0.44%,2.60%,4.24%,5.99%,9.10%,11.70%,13.99%,15.91%,18.92%,20.71%,23.53%,26.11%,28.15%,30.62%,35.30%
G,G07,G0702,"4,747 ",1.16%,3.39%,7.12%,11.33%,15.31%,19.00%,23.13%,27.24%,30.42%,32.76%,36.11%,39.31%,42.60%,45.12%,47.46%
G,G08,G0801,"6,408 ",0.76%,1.92%,4.04%,5.96%,8.58%,11.08%,13.30%,16.17%,19.26%,21.72%,24.13%,26.44%,28.59%,31.37%,34.05%
G,G10,G1001,"6,835 ",1.19%,4.02%,8.44%,12.57%,17.92%,19.62%,22.03%,25.18%,28.00%,30.69%,33.56%,35.86%,37.78%,39.71%,41.40%
G,G11,G1101,"7,510 ",1.11%,2.82%,5.74%,9.69%,12.72%,14.78%,17.67%,20.36%,23.68%,26.34%,29.11%,31.49%,33.73%,36.11%,38.60%
G,G12,G1201,"7,660 ",1.66%,5.25%,8.72%,13.28%,16.57%,19.23%,21.98%,25.07%,28.17%,30.90%,33.99%,36.59%,39.54%,42.47%,44.80%
G,G13,G1301,"5,403 ",0.74%,3.70%,7.27%,11.10%,13.57%,15.49%,17.77%,19.75%,22.32%,24.34%,27.37%,29.71%,31.43%,33.44%,35.24%
G,G14,G1401,"6,176 ",1.30%,3.97%,7.79%,11.48%,14.14%,17.44%,21.36%,24.94%,27.95%,30.86%,34.21%,37.00%,40.11%,42.83%,45.58%
G,G15,G1501,"3,720 ",0.78%,2.26%,4.60%,7.77%,10.56%,13.98%,17.45%,21.34%,24.73%,27.42%,29.52%,32.26%,34.87%,38.01%,43.04%
G,G15,G1502,"2,896 ",1.35%,3.21%,5.21%,8.08%,10.50%,12.33%,14.78%,17.85%,20.58%,23.10%,25.69%,27.31%,29.59%,31.63%,33.67%
G,G16,G1601,"8,373 ",0.79%,2.72%,5.58%,9.17%,14.25%,16.91%,20.21%,24.64%,28.66%,32.04%,34.97%,38.03%,41.32%,45.42%,49.90%
G,G17,G1701,"7,371 ",0.49%,2.10%,4.04%,6.72%,9.40%,11.79%,14.79%,17.80%,21.44%,23.65%,25.76%,28.08%,30.73%,34.09%,37.84%
G,G18,G1801,"8,088 ",0.58%,2.37%,4.92%,7.97%,10.34%,12.09%,14.43%,16.96%,19.57%,22.12%,24.59%,26.74%,28.94%,31.13%,33.43%
G,G19,G1901,"5,105 ",1.88%,4.90%,9.52%,13.44%,17.26%,19.90%,22.76%,26.11%,29.25%,32.54%,35.83%,38.26%,40.84%,43.08%,44.90%
G,G20,G2001,"8,539 ",1.15%,3.71%,8.19%,12.38%,16.10%,18.96%,21.74%,24.85%,28.14%,31.42%,34.01%,36.28%,38.32%,40.51%,42.72%
G,G21,G2101,"9,281 ",1.52%,4.03%,8.18%,12.32%,15.90%,18.59%,21.76%,25.64%,28.95%,32.57%,36.40%,39.26%,42.43%,46.15%,49.83%
G,G22,G2201,"9,592 ",1.19%,4.07%,7.96%,11.71%,15.75%,19.02%,22.29%,25.44%,28.29%,31.48%,34.39%,37.19%,40.48%,44.08%,47.99%
H,H02,H0201,"8,933 ",1.49%,4.84%,9.07%,14.33%,18.22%,21.57%,24.94%,28.29%,31.56%,34.50%,37.51%,40.03%,42.55%,45.14%,47.12%
H,H03,H0301,"11,966 ",1.17%,3.79%,7.73%,11.53%,14.46%,17.06%,19.82%,22.79%,25.68%,28.31%,31.32%,33.75%,36.19%,38.84%,41.53%
H,H04,H0401,"6,182 ",0.89%,3.15%,5.34%,7.68%,11.19%,13.30%,16.52%,19.51%,22.55%,25.27%,28.65%,31.61%,34.05%,36.65%,39.87%
H,H05,H0501,"11,346 ",1.22%,4.41%,7.60%,11.38%,14.62%,17.20%,20.32%,23.22%,25.86%,28.88%,31.72%,34.43%,36.74%,39.22%,41.48%
H,H06,H0601,"7,757 ",1.87%,4.42%,5.07%,9.10%,15.75%,18.95%,22.73%,25.95%,29.88%,33.18%,37.09%,40.27%,43.57%,46.86%,50.54%
H,H06,H0602,"3,827 ",0.89%,3.45%,4.81%,9.62%,15.21%,18.94%,23.07%,27.72%,31.51%,34.07%,38.46%,42.38%,46.96%,50.93%,54.98%
H,H07,H0701,"4,471 ",1.95%,4.88%,9.21%,12.39%,15.14%,18.03%,21.32%,26.57%,29.08%,31.45%,34.58%,37.40%,40.55%,42.90%,44.35%
H,H07,H0702,"5,697 ",1.14%,2.81%,6.99%,10.74%,14.06%,16.99%,20.92%,24.35%,27.19%,30.56%,34.65%,37.65%,40.74%,44.16%,47.87%
H,H09,H0901,"8,755 ",1.14%,4.40%,8.19%,11.78%,14.89%,17.44%,20.13%,22.75%,25.89%,28.85%,31.27%,33.87%,36.15%,38.83%,40.70%
H,H11,H1101,"5,828 ",1.49%,4.77%,8.54%,12.97%,15.19%,17.76%,21.53%,23.82%,26.85%,30.06%,32.40%,35.05%,37.23%,40.53%,42.59%
H,H11,H1102,"6,106 ",1.75%,4.57%,8.12%,11.61%,14.13%,16.43%,19.34%,22.14%,24.99%,27.97%,30.71%,32.90%,35.21%,37.73%,39.63%
H,H12,H1201,"5,765 ",1.93%,4.68%,8.59%,12.47%,16.41%,19.34%,22.64%,26.24%,29.35%,32.21%,36.15%,39.13%,41.96%,45.08%,48.14%
H,H12,H1202,"3,798 ",1.32%,3.84%,7.16%,11.01%,14.24%,17.30%,20.85%,23.57%,27.41%,31.07%,34.57%,37.78%,40.36%,43.42%,46.55%
H,H14,H1401,"5,161 ",2.62%,6.72%,11.41%,15.37%,18.52%,21.20%,23.83%,26.72%,29.51%,32.94%,35.50%,38.52%,40.98%,42.47%,43.98%
H,H14,H1402,"4,305 ",1.93%,5.25%,11.54%,15.21%,17.31%,19.86%,23.39%,27.08%,29.83%,32.82%,36.70%,39.42%,42.83%,46.57%,49.11%
H,H15,H1501,"3,585 ",1.03%,3.24%,7.11%,10.68%,13.47%,15.90%,19.08%,22.29%,25.44%,28.37%,31.44%,34.48%,36.35%,39.78%,43.26%
H,H15,H1502,"7,925 ",1.45%,4.32%,7.95%,11.53%,14.73%,17.64%,20.50%,23.27%,26.38%,28.77%,32.58%,35.46%,37.84%,40.86%,43.41%
H,H16,H1601,"11,703 ",1.76%,4.73%,9.60%,12.80%,15.52%,17.82%,20.46%,23.25%,26.45%,29.98%,33.19%,35.87%,38.78%,41.44%,44.35%
H,H18,H1801,"11,043 ",1.65%,4.00%,7.62%,10.79%,13.58%,16.15%,19.11%,22.18%,25.68%,27.95%,31.96%,35.14%,38.12%,41.65%,44.84%
H,H20,H2001,"12,659 ",1.16%,3.67%,7.53%,11.71%,14.85%,17.69%,20.61%,23.34%,26.54%,29.53%,32.17%,34.62%,37.01%,39.35%,42.26%
H,H21,H2101,"7,815 ",1.45%,4.48%,9.40%,12.67%,15.53%,18.32%,21.48%,24.30%,26.82%,30.11%,33.59%,36.76%,40.17%,43.80%,46.94%
H,H22,H2201,"7,847 ",1.26%,4.45%,8.47%,11.83%,14.85%,17.82%,20.29%,23.03%,26.19%,30.05%,33.66%,36.01%,38.21%,40.97%,43.28%
H,H23,H2301,"7,308 ",1.61%,4.95%,8.72%,12.53%,15.98%,18.50%,22.06%,24.58%,28.19%,31.20%,35.80%,38.81%,42.49%,46.14%,49.43%
H,H24,H2401,"4,463 ",1.10%,3.23%,6.81%,9.86%,12.84%,16.11%,18.93%,22.45%,25.21%,27.45%,30.85%,33.61%,36.19%,38.45%,40.69%
H,H24,H2402,"3,260 ",1.56%,5.09%,8.99%,13.07%,16.17%,19.05%,22.52%,25.37%,28.74%,31.53%,34.91%,37.12%,39.45%,41.87%,43.62%
H,H25,H2501,"9,610 ",1.33%,4.27%,7.92%,12.28%,15.25%,18.49%,21.49%,24.37%,27.36%,30.11%,33.49%,35.92%,38.23%,40.74%,42.81%
J,J01,J0101,"1,832 ",1.64%,3.44%,7.86%,10.59%,13.16%,15.88%,18.83%,21.34%,23.20%,25.71%,28.71%,31.28%,33.57%,36.30%,39.03%
J,J01,J0102,"2,564 ",0.70%,2.93%,5.58%,7.96%,11.39%,14.39%,17.36%,20.40%,23.17%,25.35%,27.61%,29.60%,32.18%,34.24%,36.15%
J,J01,J0103,"3,612 ",1.00%,3.65%,6.81%,10.19%,12.38%,14.92%,17.69%,19.74%,22.59%,24.89%,27.46%,29.68%,31.92%,34.69%,37.10%
J,J02,J0201,"6,323 ",1.12%,3.70%,7.09%,10.63%,14.09%,17.32%,20.23%,23.28%,25.81%,28.09%,31.76%,34.52%,37.72%,40.61%,43.27%
J,J04,J0401,"10,145 ",1.77%,5.11%,8.47%,13.25%,17.68%,20.85%,23.91%,27.24%,31.34%,34.19%,38.17%,41.24%,44.11%,47.94%,52.64%
J,J05,J0501,"8,792 ",2.05%,4.99%,9.14%,15.48%,17.83%,20.06%,22.51%,25.25%,28.05%,30.83%,33.75%,35.90%,37.73%,39.66%,41.48%
J,J06,J0601,"5,145 ",2.18%,5.95%,10.05%,14.19%,17.41%,20.78%,23.79%,27.04%,30.07%,33.47%,37.90%,40.54%,43.30%,46.20%,48.96%
J,J07,J0701,"2,275 ",0.62%,2.90%,5.80%,9.41%,11.91%,14.37%,17.23%,19.47%,21.80%,24.97%,27.30%,29.85%,32.66%,35.08%,37.23%
J,J07,J0702,"6,209 ",1.98%,5.59%,10.13%,15.24%,17.39%,20.02%,23.03%,25.85%,28.07%,31.07%,34.16%,36.64%,38.94%,40.86%,43.42%
J,J07,J0703,"2,411 ",0.95%,3.44%,6.26%,9.50%,12.53%,14.89%,17.05%,20.82%,23.72%,26.46%,28.74%,30.90%,33.22%,35.50%,37.41%
J,J12,J1201,"12,060 ",1.66%,5.32%,10.25%,13.81%,17.08%,19.11%,21.54%,24.06%,27.06%,30.24%,33.28%,35.56%,38.03%,40.59%,42.68%
J,J13,J1301,"6,419 ",1.78%,4.53%,7.24%,10.41%,13.85%,16.59%,20.07%,22.42%,25.35%,28.54%,31.47%,34.73%,37.76%,40.60%,44.21%
J,J13,J1302,"5,069 ",0.95%,2.84%,5.92%,9.35%,12.23%,15.03%,18.33%,20.95%,23.44%,26.81%,29.89%,32.83%,36.00%,39.22%,43.24%
J,J14,J1401,"8,892 ",1.26%,3.72%,7.67%,11.32%,14.34%,16.42%,18.63%,21.06%,23.71%,26.87%,30.29%,32.84%,35.77%,38.44%,40.53%
J,J14,J1402,"3,342 ",1.53%,5.75%,9.84%,13.94%,16.76%,18.76%,22.20%,25.58%,29.23%,32.05%,37.01%,40.81%,43.90%,47.40%,50.00%
J,J15,J1501,"11,160 ",0.84%,2.78%,5.84%,8.70%,11.44%,13.58%,15.89%,18.19%,20.70%,22.59%,25.84%,28.33%,30.22%,32.56%,34.70%
J,J16,J1601,"4,033 ",1.71%,4.54%,8.28%,10.71%,13.27%,15.40%,17.80%,20.53%,22.89%,25.34%,27.82%,29.48%,32.13%,34.42%,36.75%
J,J16,J1602,"6,790 ",1.25%,4.32%,7.16%,10.78%,13.68%,16.05%,18.66%,21.47%,24.36%,25.94%,29.50%,32.36%,34.86%,37.19%,39.44%
J,J19,J1901,"8,705 ",0.87%,2.92%,5.89%,8.90%,12.30%,14.97%,17.68%,20.82%,23.78%,26.59%,30.09%,32.50%,35.66%,38.83%,42.78%
J,J20,J2001,"6,200 ",1.71%,4.94%,8.21%,11.26%,14.45%,16.82%,19.71%,22.32%,24.87%,27.05%,30.81%,33.79%,36.98%,40.37%,44.23%
J,J20,J2002,"4,874 ",2.44%,7.94%,12.17%,16.99%,21.21%,23.88%,27.33%,30.02%,33.28%,36.56%,39.50%,41.98%,45.10%,48.15%,51.35%
J,J21,J2101,"5,881 ",1.36%,3.72%,6.44%,9.34%,11.51%,13.99%,16.65%,18.70%,21.27%,24.43%,26.82%,30.23%,33.14%,36.18%,39.09%
J,J22,J2201,"8,105 ",0.59%,2.54%,5.48%,9.06%,12.78%,15.92%,19.15%,21.79%,25.31%,28.55%,31.40%,34.65%,37.54%,40.93%,44.92%
J,J23,J2301,"8,205 ",1.66%,5.80%,10.63%,15.05%,18.61%,20.72%,23.39%,25.98%,29.24%,31.82%,35.25%,37.79%,40.06%,42.61%,45.23%
J,J23,J2302,810 ,2.10%,8.02%,13.46%,17.78%,21.98%,24.44%,28.27%,31.48%,34.20%,36.67%,39.63%,41.60%,42.96%,44.94%,45.68%
J,J25,J2501,"10,260 ",0.42%,2.35%,4.82%,8.14%,11.55%,14.26%,17.66%,20.82%,24.23%,27.12%,30.12%,32.70%,35.44%,39.25%,42.17%
J,J26,J2601,"12,623 ",2.03%,5.93%,10.35%,14.78%,18.41%,21.57%,24.50%,27.51%,30.82%,34.31%,37.26%,39.83%,42.59%,45.02%,47.15%
J,J27,J2701,"9,304 ",0.80%,2.49%,4.48%,6.85%,9.26%,10.95%,12.78%,14.70%,16.93%,19.30%,21.22%,23.10%,24.95%,27.34%,29.35%
J,J28,J2801,"7,356 ",1.47%,4.27%,7.91%,11.56%,15.10%,18.39%,20.65%,23.31%,25.63%,28.89%,32.16%,34.68%,37.40%,40.54%,43.42%
J,J29,J2901,"7,596 ",1.94%,5.06%,8.72%,11.53%,13.99%,16.00%,18.14%,20.26%,22.59%,24.83%,27.65%,29.65%,31.37%,33.23%,34.72%
J,J30,J3001,"7,700 ",1.05%,3.04%,5.79%,8.94%,11.35%,13.64%,15.83%,17.78%,20.21%,22.77%,25.09%,27.44%,29.61%,32.06%,35.22%
J,J31,J3101,"9,614 ",2.18%,5.42%,9.69%,13.02%,16.03%,18.88%,21.65%,24.56%,27.21%,30.21%,33.56%,35.87%,38.54%,40.71%,42.84%
J,J34,J3401,"8,595 ",1.18%,3.41%,6.62%,9.82%,12.25%,14.17%,16.75%,18.65%,21.33%,24.14%,26.39%,29.40%,31.74%,34.10%,36.67%
J,J35,J3501,"7,608 ",2.01%,5.56%,9.50%,13.76%,16.77%,19.31%,22.54%,24.97%,27.94%,31.10%,33.70%,36.20%,38.42%,40.65%,42.81%
K,K01,K0101,"7,643 ",0.51%,2.24%,4.32%,6.96%,9.24%,11.93%,14.38%,16.83%,19.34%,21.95%,24.07%,26.35%,28.67%,31.28%,33.34%
K,K02,K0201,"7,102 ",1.21%,3.68%,6.90%,11.38%,14.56%,17.67%,21.46%,24.09%,27.01%,29.82%,32.91%,35.27%,38.00%,40.50%,42.38%
K,K03,K0301,"9,149 ",1.08%,3.10%,5.67%,8.88%,12.47%,16.20%,19.95%,23.39%,26.80%,30.05%,33.99%,37.36%,40.68%,44.98%,48.56%
K,K04,K0401,"7,465 ",0.96%,3.66%,7.84%,11.44%,14.40%,16.99%,19.25%,21.69%,24.68%,27.11%,29.26%,31.16%,32.83%,35.65%,37.12%
K,K05,K0501,"8,081 ",1.93%,7.92%,12.46%,16.99%,20.29%,23.05%,26.16%,28.99%,30.07%,32.58%,35.07%,36.83%,38.96%,41.17%,42.46%
K,K06,K0601,"8,084 ",1.14%,3.43%,7.13%,11.37%,15.92%,19.80%,23.90%,28.28%,32.08%,35.66%,39.00%,42.87%,45.94%,50.01%,53.77%
K,K07,K0701,"7,619 ",1.17%,4.45%,7.80%,11.17%,14.53%,17.35%,20.16%,22.80%,25.44%,28.23%,31.75%,34.56%,37.46%,40.70%,43.72%
K,K09,K0901,"10,216 ",1.16%,3.62%,7.11%,10.63%,14.58%,17.90%,21.30%,24.46%,27.79%,30.84%,34.22%,37.67%,41.02%,44.75%,49.02%
K,K10,K1001,"7,067 ",0.72%,2.77%,4.58%,7.64%,10.56%,13.23%,16.12%,19.17%,21.83%,24.71%,27.89%,30.95%,33.58%,37.19%,41.66%
K,K10,K1002,"3,039 ",0.86%,2.50%,4.97%,7.80%,10.30%,12.83%,14.84%,17.64%,19.71%,21.59%,24.98%,27.87%,29.75%,32.18%,34.39%
K,K11,K1101,"4,822 ",0.85%,2.86%,6.16%,10.04%,14.04%,17.75%,21.19%,24.41%,27.54%,30.75%,33.66%,37.58%,41.08%,44.77%,49.65%
K,K11,K1102,"2,302 ",0.91%,2.82%,5.47%,8.64%,11.73%,14.64%,16.72%,19.68%,21.59%,23.94%,26.37%,28.37%,30.80%,33.88%,36.71%
K,K13,K1301,"7,626 ",1.26%,3.63%,6.77%,10.12%,13.36%,16.31%,19.70%,23.55%,26.08%,28.49%,31.94%,35.29%,38.07%,40.82%,43.63%
K,K14,K1401,"7,941 ",2.25%,5.98%,10.26%,14.36%,18.11%,21.51%,24.83%,28.20%,31.53%,35.01%,38.57%,41.80%,45.08%,48.34%,51.16%
K,K14,K1402,"1,378 ",1.02%,3.27%,7.91%,12.05%,16.76%,18.80%,22.93%,25.91%,29.39%,33.09%,36.72%,39.40%,41.73%,44.05%,47.02%
K,K15,K1501,"8,141 ",1.20%,4.09%,8.01%,12.62%,15.88%,18.78%,21.73%,25.35%,28.47%,31.85%,35.17%,38.28%,41.28%,44.13%,47.19%
K,K17,K1701,"4,254 ",2.61%,5.62%,9.71%,14.29%,17.21%,20.31%,23.13%,25.55%,27.90%,31.22%,34.98%,37.96%,40.76%,43.75%,46.36%
K,K17,K1702,"3,691 ",2.52%,5.36%,9.35%,13.57%,17.04%,19.21%,22.30%,24.98%,27.45%,30.05%,33.76%,36.17%,39.45%,42.51%,44.78%
L,L01,L0101,"5,807 ",0.72%,1.79%,3.84%,5.79%,8.04%,10.69%,12.98%,15.34%,18.08%,19.94%,22.39%,24.64%,26.71%,29.36%,31.27%
L,L01,L0102,"1,619 ",0.93%,1.98%,4.20%,5.56%,7.54%,9.20%,10.87%,13.09%,15.26%,18.04%,19.83%,21.93%,24.40%,26.56%,27.79%
L,L02,L0201,"8,541 ",0.67%,2.69%,5.26%,8.47%,11.26%,14.20%,16.56%,19.15%,21.40%,23.53%,26.05%,29.14%,31.76%,34.52%,37.81%
L,L02,L0202,"2,069 ",0.82%,2.61%,5.17%,7.25%,10.25%,12.71%,15.32%,17.79%,19.96%,21.75%,25.57%,27.84%,30.06%,31.75%,34.07%
L,L03,L0301,"10,278 ",0.91%,2.34%,4.86%,7.56%,10.32%,12.68%,15.31%,17.65%,20.71%,23.55%,26.63%,29.55%,32.67%,36.09%,39.90%
L,L03,L0302,"1,858 ",1.18%,2.69%,5.01%,7.75%,10.55%,14.42%,19.86%,21.64%,24.49%,25.73%,30.57%,32.94%,37.46%,41.01%,44.29%
L,L04,L0401,"7,579 ",1.69%,4.05%,7.14%,10.28%,12.93%,15.38%,17.89%,20.33%,22.65%,24.53%,27.66%,30.16%,33.24%,35.97%,37.85%
L,L04,L0402,"3,030 ",1.06%,3.04%,5.08%,8.18%,10.96%,13.07%,16.07%,18.18%,21.25%,23.40%,26.63%,29.14%,31.88%,34.92%,37.00%
L,L05,L0501,"8,887 ",1.36%,3.05%,6.54%,9.55%,12.25%,14.66%,17.15%,19.94%,22.43%,25.33%,28.01%,30.63%,33.58%,36.45%,38.74%
L,L06,L0601,"6,330 ",0.82%,2.61%,4.80%,7.03%,9.42%,11.69%,14.20%,16.24%,18.58%,21.47%,24.38%,26.57%,29.21%,32.02%,35.12%
L,L06,L0602,"1,510 ",0.99%,2.32%,4.04%,6.03%,8.08%,10.20%,11.92%,14.24%,15.96%,17.95%,20.79%,22.91%,24.70%,27.48%,30.07%
L,L07,L0701,"8,024 ",0.92%,2.46%,5.06%,7.50%,10.46%,14.01%,16.14%,19.29%,21.60%,24.15%,27.32%,29.89%,32.35%,35.99%,38.98%
L,L08,L0801,"10,601 ",0.60%,2.37%,4.73%,7.34%,9.82%,11.69%,13.83%,16.03%,18.05%,20.09%,22.55%,24.78%,26.80%,28.69%,30.74%
L,L10,L1001,"10,028 ",1.20%,3.68%,6.74%,9.72%,11.93%,14.07%,16.42%,19.01%,21.13%,23.92%,26.13%,28.68%,31.07%,33.53%,36.19%
L,L11,L1101,"2,310 ",0.65%,1.99%,3.51%,5.41%,8.23%,9.74%,11.47%,15.41%,18.14%,20.30%,22.55%,24.24%,26.84%,29.39%,32.21%
L,L11,L1102,"4,481 ",0.40%,1.56%,3.46%,5.74%,7.90%,9.91%,11.74%,13.84%,16.18%,18.39%,21.13%,22.74%,24.53%,27.18%,29.15%
L,L12,L1201,"3,861 ",2.25%,5.18%,9.09%,12.04%,14.43%,16.73%,19.27%,21.52%,24.22%,25.93%,29.11%,32.01%,34.40%,36.99%,38.64%
L,L12,L1202,"3,668 ",0.44%,1.55%,2.89%,4.39%,6.16%,7.80%,9.08%,10.85%,12.16%,13.28%,16.00%,17.28%,19.17%,21.24%,22.96%
L,L13,L1301,"2,021 ",0.84%,2.47%,5.49%,8.41%,11.43%,14.30%,17.32%,21.72%,24.64%,27.36%,31.72%,34.78%,37.51%,41.42%,47.20%
L,L13,L1302,"2,659 ",1.17%,3.31%,4.32%,5.98%,8.95%,11.36%,13.73%,17.11%,19.41%,22.00%,25.31%,27.68%,30.58%,34.15%,37.50%
L,L13,L1303,"3,278 ",1.34%,3.33%,5.92%,9.52%,13.51%,17.27%,21.20%,24.95%,28.22%,32.34%,35.45%,38.93%,41.52%,45.61%,49.97%
L,L14,L1401,"7,852 ",0.61%,2.09%,4.14%,6.27%,8.35%,10.10%,12.60%,14.98%,17.29%,19.46%,22.07%,24.26%,26.52%,29.37%,32.20%
L,L15,L1501,"7,873 ",1.31%,3.52%,6.97%,9.84%,13.26%,15.94%,19.28%,21.88%,24.63%,27.69%,31.07%,34.43%,37.69%,41.57%,45.59%
L,L16,L1601,"6,776 ",0.97%,3.19%,6.60%,9.03%,11.84%,14.88%,17.43%,19.92%,23.10%,25.87%,28.50%,31.35%,34.84%,38.30%,42.13%
L,L18,L1801,"3,721 ",1.16%,3.33%,5.56%,8.90%,11.53%,14.08%,16.55%,18.81%,21.39%,24.29%,27.39%,30.05%,32.84%,35.90%,38.97%
L,L18,L1802,"6,427 ",1.80%,5.43%,8.93%,12.09%,14.75%,16.62%,18.83%,21.27%,23.73%,26.03%,28.05%,30.47%,32.18%,34.26%,36.16%
L,L19,L1901,"6,555 ",1.21%,3.75%,7.48%,12.16%,15.56%,18.67%,22.52%,25.80%,29.57%,32.86%,36.93%,40.00%,43.68%,47.67%,51.11%
L,L19,L1902,588 ,1.53%,4.25%,8.16%,14.29%,20.92%,26.19%,27.89%,32.48%,35.20%,38.95%,44.39%,48.64%,51.70%,55.10%,57.48%
L,L20,L2001,"10,241 ",0.56%,2.13%,4.57%,7.14%,9.87%,11.83%,14.04%,16.49%,18.59%,20.80%,23.78%,26.11%,28.94%,32.45%,35.53%
L,L20,L2002,803 ,0.62%,1.74%,5.73%,8.34%,11.58%,14.07%,16.44%,18.56%,20.42%,21.42%,24.78%,26.53%,28.64%,31.01%,32.13%
L,L21,L2101,"9,403 ",1.25%,3.39%,6.54%,9.48%,11.95%,14.13%,16.80%,19.06%,22.15%,24.93%,27.69%,29.88%,32.34%,35.70%,39.40%
L,L22,L2201,"9,929 ",1.17%,3.53%,6.56%,9.74%,12.20%,14.72%,17.18%,19.68%,21.78%,24.84%,28.09%,30.68%,33.60%,36.62%,39.79%
L,L23,L2301,"10,960 ",1.02%,2.77%,4.75%,6.82%,9.15%,10.69%,12.36%,13.80%,15.88%,18.27%,20.99%,23.32%,25.66%,28.70%,32.05%
L,L24,L2401,"6,346 ",4.13%,8.54%,12.84%,16.53%,19.90%,22.17%,24.90%,27.51%,29.85%,32.43%,35.11%,37.49%,39.63%,41.93%,44.28%
L,L24,L2402,"1,708 ",0.64%,3.10%,6.32%,9.78%,13.47%,15.40%,19.15%,21.72%,24.30%,26.70%,30.27%,32.90%,35.77%,38.52%,40.98%
L,L25,L2501,"9,966 ",1.65%,4.00%,7.23%,10.69%,13.50%,15.91%,18.69%,21.25%,23.76%,26.61%,29.27%,31.70%,34.94%,38.17%,40.61%
L,L26,L2601,"8,424 ",0.94%,2.72%,6.01%,9.28%,13.35%,16.46%,19.06%,22.40%,25.40%,28.50%,31.84%,34.66%,37.65%,41.37%,46.15%
L,L27,L2701,"6,797 ",0.75%,2.96%,5.86%,8.89%,12.52%,14.83%,20.29%,21.80%,23.98%,26.81%,29.47%,32.12%,35.52%,38.61%,42.59%
L,L27,L2702,"2,097 ",0.91%,2.19%,4.48%,7.63%,10.97%,14.31%,17.84%,20.08%,22.32%,25.23%,28.85%,31.52%,34.53%,38.53%,41.20%
L,L28,L2801,"11,168 ",1.06%,3.47%,6.81%,10.10%,13.39%,16.26%,19.23%,21.96%,24.68%,27.93%,31.91%,35.32%,38.74%,42.85%,47.22%
M,M01,M0101,"10,521 ",0.68%,2.12%,4.34%,6.88%,8.95%,10.65%,13.20%,15.23%,17.63%,19.15%,22.00%,23.81%,26.14%,29.02%,30.75%
M,M02,M0201,"8,762 ",2.17%,5.04%,8.74%,12.13%,15.64%,18.12%,20.75%,23.64%,25.85%,28.57%,30.99%,33.63%,36.11%,38.52%,41.04%
M,M03,M0301,"9,937 ",0.80%,2.59%,4.71%,7.25%,9.66%,12.06%,14.67%,17.29%,19.54%,22.50%,25.58%,28.43%,31.43%,34.98%,38.69%
M,M04,M0401,"7,849 ",1.18%,3.30%,6.17%,9.20%,11.81%,14.40%,17.10%,19.86%,22.59%,24.92%,28.77%,32.11%,35.79%,40.03%,43.70%
M,M04,M0402,"1,455 ",0.69%,1.92%,3.37%,5.22%,6.67%,9.07%,11.41%,14.50%,16.01%,18.28%,21.51%,23.51%,26.05%,30.03%,33.47%
M,M05,M0501,"6,176 ",0.39%,1.78%,4.40%,6.77%,9.26%,11.46%,14.35%,16.73%,19.09%,21.19%,23.67%,25.65%,27.48%,29.13%,30.89%
M,M05,M0502,"2,728 ",0.48%,2.24%,4.25%,6.56%,8.61%,10.12%,12.02%,13.89%,16.31%,19.24%,21.30%,23.94%,25.92%,28.59%,30.43%
M,M06,M0601,"8,277 ",0.95%,3.10%,5.62%,9.18%,11.94%,14.97%,18.48%,21.82%,24.73%,28.60%,30.28%,33.01%,35.75%,39.11%,42.27%
M,M08,M0801,"4,726 ",2.01%,4.89%,8.29%,11.96%,16.36%,19.81%,23.44%,26.39%,30.03%,33.37%,37.60%,41.37%,44.08%,47.19%,49.75%
M,M08,M0802,"6,201 ",2.35%,6.35%,10.74%,15.19%,19.53%,23.09%,26.93%,30.43%,33.99%,36.48%,40.51%,43.59%,46.67%,49.22%,52.17%
M,M09,M0901,"4,890 ",1.17%,4.40%,8.06%,11.86%,15.89%,18.12%,21.43%,24.03%,26.58%,29.39%,32.11%,35.42%,37.67%,40.31%,43.89%
M,M09,M0902,"3,251 ",1.45%,5.26%,9.72%,14.89%,18.36%,19.90%,21.13%,23.75%,27.04%,29.84%,33.50%,36.20%,39.16%,42.63%,45.86%
M,M12,M1201,"11,728 ",0.72%,2.34%,4.64%,6.84%,8.81%,11.46%,13.93%,16.46%,18.51%,21.27%,23.99%,26.68%,28.95%,32.08%,35.45%
M,M14,M1401,"10,265 ",0.86%,2.14%,4.45%,6.65%,8.87%,10.91%,12.60%,14.37%,16.53%,19.13%,22.03%,24.74%,27.55%,30.27%,33.30%
M,M15,M1501,"5,258 ",1.26%,3.80%,6.24%,8.27%,10.50%,12.23%,14.24%,16.79%,19.15%,22.06%,24.84%,27.37%,29.76%,32.16%,35.24%
M,M16,M1601,"7,670 ",1.36%,3.85%,6.84%,9.60%,12.33%,14.37%,16.61%,18.75%,20.81%,22.74%,25.70%,27.69%,30.03%,33.36%,36.51%
M,M17,M1701,"8,555 ",1.13%,3.57%,6.69%,9.88%,12.45%,15.24%,18.29%,20.60%,23.02%,26.07%,28.98%,32.33%,35.56%,38.68%,41.92%
M,M18,M1801,"8,783 ",0.76%,2.65%,5.66%,8.45%,11.25%,13.42%,15.73%,17.36%,19.75%,22.50%,25.65%,28.40%,31.70%,34.79%,38.04%
M,M20,M2001,"9,010 ",0.75%,2.42%,4.77%,7.07%,9.41%,11.63%,13.82%,15.57%,17.50%,20.03%,23.64%,26.98%,30.01%,33.92%,38.17%
M,M21,M2101,"6,997 ",2.26%,4.89%,9.09%,12.73%,16.66%,19.62%,23.08%,25.93%,28.67%,31.74%,36.23%,39.65%,43.12%,46.45%,50.08%
M,M22,M2201,"8,956 ",1.26%,3.13%,5.46%,7.99%,10.65%,13.12%,15.71%,18.46%,21.42%,23.27%,26.66%,29.03%,31.57%,34.93%,37.76%
M,M23,M2301,"7,421 ",1.00%,2.84%,5.27%,7.56%,9.65%,11.72%,14.14%,15.93%,18.47%,20.31%,22.71%,24.62%,26.95%,30.37%,33.53%
M,M23,M2302,"5,258 ",2.02%,5.38%,9.01%,11.87%,14.32%,16.76%,19.02%,21.47%,23.68%,25.64%,29.48%,32.01%,34.50%,37.73%,40.28%
M,M26,M2601,"6,251 ",0.90%,2.32%,4.88%,8.09%,11.17%,14.09%,17.28%,19.82%,22.56%,25.10%,29.32%,32.55%,35.19%,39.42%,42.86%
M,M28,M2801,"2,876 ",0.73%,3.13%,7.44%,12.69%,15.61%,18.29%,20.93%,23.78%,25.42%,27.19%,29.55%,31.71%,33.48%,35.15%,36.51%
M,M28,M2802,"4,999 ",0.56%,2.44%,4.38%,8.10%,10.90%,13.72%,15.96%,18.12%,19.82%,21.78%,23.82%,26.23%,27.97%,30.33%,32.57%
M,M30,M3001,"5,276 ",4.93%,8.13%,13.13%,17.40%,22.21%,27.10%,31.25%,35.24%,39.22%,42.72%,46.68%,49.92%,52.41%,55.36%,58.49%
M,M31,M3101,"8,243 ",1.44%,3.92%,7.51%,12.16%,16.27%,19.50%,22.93%,25.56%,28.44%,30.92%,33.98%,36.19%,38.03%,40.90%,42.95%
N,N01,N0101,"9,932 ",0.52%,2.11%,4.35%,7.57%,11.02%,13.55%,16.26%,19.20%,21.74%,24.17%,26.67%,29.09%,31.70%,34.71%,37.82%
N,N02,N0201,"2,538 ",1.02%,3.51%,6.38%,10.17%,13.44%,16.15%,19.07%,21.67%,25.06%,28.72%,32.23%,35.70%,38.46%,40.39%,43.50%
N,N02,N0202,"3,523 ",1.39%,2.98%,5.62%,9.54%,13.60%,16.29%,19.56%,22.37%,25.75%,28.47%,32.81%,35.23%,38.66%,42.78%,46.07%
N,N02,N0203,"2,720 ",0.85%,2.39%,4.49%,7.35%,11.18%,13.79%,17.72%,20.92%,23.75%,27.32%,30.74%,33.57%,36.88%,40.88%,43.90%
N,N03,N0301,"11,693 ",2.17%,5.29%,8.35%,12.46%,15.68%,18.23%,21.01%,23.25%,25.93%,28.41%,31.75%,34.29%,36.78%,39.73%,42.36%
N,N04,N0401,"10,458 ",0.67%,3.43%,7.33%,11.56%,14.92%,18.05%,21.66%,25.02%,28.28%,31.90%,34.94%,38.19%,42.04%,46.09%,50.09%
N,N05,N0501,"11,296 ",0.74%,2.59%,5.02%,7.21%,9.57%,11.60%,13.87%,15.63%,17.59%,19.90%,22.67%,25.47%,27.68%,30.69%,34.34%
N,N06,N0601,"4,924 ",1.34%,3.55%,6.21%,9.50%,12.47%,15.62%,18.99%,22.28%,25.35%,28.98%,32.09%,34.77%,38.30%,41.33%,45.06%
N,N06,N0602,"7,542 ",1.22%,3.41%,6.76%,11.28%,14.84%,17.56%,20.64%,23.95%,27.00%,30.42%,34.42%,37.48%,41.20%,44.68%,48.32%
N,N07,N0701,"11,435 ",1.14%,3.43%,6.88%,9.57%,12.62%,15.09%,17.87%,20.04%,22.87%,25.34%,28.61%,31.49%,34.54%,37.41%,40.78%
N,N08,N0801,"3,222 ",2.61%,6.89%,11.82%,16.57%,21.82%,26.13%,29.76%,33.05%,35.38%,38.42%,41.40%,44.07%,46.37%,48.26%,50.74%
N,N08,N0802,"1,727 ",2.20%,9.26%,16.97%,24.09%,29.24%,34.28%,38.04%,40.94%,44.06%,46.67%,50.20%,52.35%,54.60%,57.04%,59.06%
N,N08,N0803,"3,562 ",1.82%,5.67%,11.37%,16.84%,21.50%,24.51%,28.44%,31.86%,35.12%,37.42%,41.30%,43.82%,45.68%,47.92%,49.33%
N,N08,N0804,438 ,0.91%,3.42%,5.94%,10.50%,13.70%,15.30%,20.32%,24.66%,28.54%,29.68%,34.25%,36.76%,38.58%,40.64%,43.61%
N,N09,N0901,"7,259 ",1.64%,5.54%,9.23%,12.98%,15.97%,18.27%,20.55%,23.31%,26.19%,29.69%,33.30%,36.55%,40.31%,44.44%,48.42%
N,N10,N1001,"5,247 ",1.01%,3.07%,5.72%,8.79%,11.97%,14.96%,17.53%,20.11%,22.60%,25.06%,28.02%,30.99%,33.85%,37.93%,40.90%
N,N11,N1101,"11,909 ",1.74%,4.72%,7.83%,12.35%,14.80%,17.38%,19.77%,22.63%,25.31%,27.60%,30.51%,33.04%,35.92%,38.61%,40.67%
N,N12,N1201,"1,953 ",0.87%,1.89%,3.99%,6.91%,8.50%,10.80%,12.44%,14.08%,16.03%,17.72%,19.76%,21.45%,24.32%,27.04%,28.52%
N,N12,N1202,"4,836 ",0.83%,2.85%,5.62%,8.44%,11.62%,13.94%,17.12%,19.38%,22.17%,25.31%,28.35%,31.04%,34.86%,39.27%,42.72%
N,N12,N1203,"2,729 ",0.70%,3.59%,6.08%,9.27%,12.24%,14.11%,16.89%,20.48%,23.16%,26.20%,29.57%,31.66%,34.70%,38.44%,42.58%
N,N13,N1301,"8,857 ",0.41%,1.95%,4.30%,7.38%,10.07%,12.23%,14.82%,17.91%,20.49%,24.05%,26.95%,29.90%,33.07%,35.93%,39.46%
N,N14,N1401,"7,512 ",1.54%,4.26%,7.36%,11.00%,14.32%,17.52%,21.01%,24.31%,27.45%,30.78%,33.93%,36.95%,40.06%,44.26%,47.55%
N,N15,N1501,"1,511 ",1.19%,5.16%,7.88%,11.12%,14.76%,17.47%,19.85%,22.63%,25.22%,27.66%,30.44%,32.10%,33.69%,34.75%,36.27%
N,N15,N1502,"1,073 ",2.24%,6.34%,11.28%,17.33%,22.83%,25.82%,28.61%,30.29%,33.55%,35.04%,37.74%,39.14%,40.35%,42.87%,43.52%
N,N15,N1503,124 ,6.45%,17.74%,25.00%,27.42%,28.23%,30.65%,32.26%,34.68%,38.71%,42.74%,42.74%,42.74%,42.74%,42.74%,42.74%
N,N15,N1504,"4,462 ",1.75%,7.64%,13.27%,21.54%,29.49%,35.10%,36.60%,39.44%,42.29%,45.38%,50.69%,54.46%,57.96%,61.36%,63.02%
N,N15,N1505,81 ,2.47%,8.64%,18.52%,27.16%,33.33%,39.51%,39.51%,43.21%,43.21%,45.68%,46.91%,48.15%,49.38%,53.09%,53.09%
N,N15,N1506,"1,500 ",1.87%,5.07%,9.27%,14.60%,17.87%,20.67%,23.07%,25.40%,28.53%,30.13%,32.80%,34.53%,36.40%,37.67%,39.20%
N,N16,N1601,"7,833 ",0.52%,1.95%,3.98%,6.47%,9.23%,11.35%,13.97%,16.40%,18.74%,20.77%,23.29%,25.72%,28.14%,31.55%,35.32%
N,N16,N1602,"2,288 ",0.79%,2.45%,4.72%,7.74%,10.53%,13.64%,15.30%,18.53%,20.59%,22.55%,24.78%,27.80%,30.33%,32.39%,34.88%
N,N17,N1701,"1,539 ",1.69%,4.42%,10.27%,14.23%,18.06%,21.83%,27.68%,30.86%,33.33%,35.93%,39.51%,41.46%,43.92%,46.07%,48.47%
N,N17,N1702,"1,696 ",0.41%,2.36%,5.78%,9.08%,13.09%,17.81%,20.99%,24.17%,27.95%,30.13%,33.37%,36.67%,39.33%,43.51%,48.05%
N,N17,N1703,"2,283 ",1.84%,7.18%,10.73%,13.93%,17.52%,20.11%,23.43%,25.76%,28.65%,30.31%,34.56%,37.58%,40.52%,42.97%,45.55%
N,N17,N1704,"2,327 ",2.79%,5.72%,10.66%,14.78%,18.01%,21.70%,24.84%,28.10%,30.73%,33.00%,36.66%,38.81%,41.13%,44.22%,47.61%
N,N17,N1705,563 ,3.37%,6.22%,11.01%,15.81%,20.43%,24.33%,26.82%,27.71%,29.66%,33.04%,37.48%,38.90%,41.92%,44.94%,47.78%
P,P01,P0101,"6,263 ",0.70%,3.11%,5.51%,8.48%,10.81%,12.95%,14.96%,17.79%,20.55%,22.82%,25.39%,27.69%,30.07%,31.89%,33.45%
P,P02,P0201,"7,130 ",0.87%,2.69%,4.81%,7.88%,10.98%,13.38%,16.35%,19.69%,22.86%,25.57%,28.29%,30.67%,33.42%,36.96%,39.68%
P,P04,P0401,"9,608 ",0.94%,3.00%,5.39%,7.99%,10.47%,12.57%,14.78%,16.69%,18.88%,20.96%,23.58%,26.32%,28.46%,30.72%,33.19%
P,P05,P0501,"11,053 ",0.74%,2.90%,5.51%,7.64%,9.82%,12.19%,14.53%,16.99%,19.48%,21.71%,24.16%,27.02%,29.56%,33.28%,36.83%
P,P06,P0601,"11,838 ",1.03%,3.46%,6.89%,10.70%,14.23%,17.02%,21.29%,24.18%,28.02%,31.11%,34.61%,38.38%,41.81%,45.48%,49.79%
P,P07,P0701,"9,061 ",2.03%,5.37%,9.28%,12.54%,15.89%,18.81%,21.93%,24.71%,27.78%,30.69%,34.10%,37.57%,40.48%,43.62%,47.25%
P,P11,P1101,"11,232 ",1.65%,3.95%,7.20%,10.50%,13.35%,16.11%,18.72%,21.34%,24.43%,26.64%,30.48%,33.14%,35.86%,39.25%,42.41%
P,P12,P1201,"6,804 ",0.98%,2.78%,5.22%,7.47%,10.49%,12.48%,15.02%,17.70%,19.61%,22.28%,25.15%,27.32%,29.88%,32.97%,36.33%
P,P12,P1202,"1,702 ",0.65%,2.82%,4.94%,9.17%,11.75%,13.57%,16.45%,19.86%,22.97%,26.44%,29.49%,32.26%,36.19%,39.48%,41.72%
P,P13,P1301,452 ,3.98%,8.41%,11.28%,13.72%,16.37%,19.91%,22.79%,25.66%,28.98%,30.97%,38.50%,41.81%,45.58%,47.79%,50.00%
P,P13,P1302,"5,337 ",2.44%,5.86%,10.08%,15.05%,19.77%,22.73%,27.04%,30.77%,34.08%,37.44%,41.22%,43.77%,46.64%,49.67%,53.49%
P,P13,P1303,"2,314 ",1.08%,2.81%,5.10%,7.78%,10.24%,12.71%,15.99%,18.11%,21.26%,23.21%,26.97%,29.60%,31.68%,34.18%,38.16%
P,P13,P1304,"1,308 ",2.83%,6.57%,11.24%,16.36%,20.49%,25.76%,30.28%,34.71%,38.23%,41.82%,47.25%,51.15%,55.43%,58.94%,61.70%
P,P14,P1401,"10,313 ",1.00%,2.78%,5.01%,7.59%,9.96%,12.24%,14.27%,16.84%,19.11%,20.89%,24.28%,26.88%,29.79%,33.50%,35.87%
P,P15,P1501,"10,958 ",0.80%,2.85%,5.62%,8.65%,11.44%,13.52%,16.43%,18.99%,21.59%,23.62%,26.34%,29.14%,31.71%,34.77%,36.75%
P,P16,P1601,"6,897 ",1.04%,3.45%,6.12%,9.31%,12.50%,16.04%,19.98%,23.71%,27.11%,30.98%,34.68%,38.09%,41.02%,44.63%,47.50%
P,P18,P1801,"2,331 ",1.12%,4.72%,7.72%,10.38%,12.66%,15.57%,18.45%,20.38%,22.69%,25.65%,28.27%,31.40%,34.45%,37.62%,40.11%
P,P18,P1802,"4,492 ",1.63%,3.72%,6.39%,9.37%,12.49%,14.36%,17.10%,19.61%,21.57%,23.89%,26.98%,29.07%,30.90%,33.99%,37.22%
P,P19,P1901,"4,804 ",0.85%,3.23%,5.93%,8.70%,12.41%,15.51%,17.99%,20.23%,22.34%,24.65%,27.12%,28.75%,30.33%,33.18%,35.76%
P,P19,P1902,142 ,2.11%,7.75%,13.38%,14.79%,19.01%,21.83%,25.35%,25.35%,25.35%,27.46%,37.32%,40.14%,40.14%,40.14%,40.85%
P,P19,P1903,497 ,10.46%,26.36%,36.22%,40.44%,47.28%,61.97%,63.58%,71.23%,74.04%,78.07%,79.88%,81.69%,82.70%,82.90%,82.90%
Q,Q03,Q0301,"4,131 ",1.72%,3.92%,6.20%,9.59%,12.44%,14.94%,17.50%,19.87%,22.44%,24.18%,25.90%,27.45%,29.44%,30.79%,32.58%
Q,Q06,Q0601,"8,614 ",0.72%,2.93%,5.60%,8.44%,11.62%,15.03%,18.14%,20.99%,23.64%,27.34%,30.25%,32.80%,35.84%,39.39%,43.74%
Q,Q08,Q0801,"7,521 ",1.49%,4.07%,7.91%,11.65%,15.02%,17.59%,20.38%,23.81%,27.79%,31.26%,35.33%,38.82%,42.56%,47.27%,51.24%
Q,Q09,Q0901,"8,973 ",0.68%,1.71%,3.84%,6.51%,8.85%,10.78%,13.28%,15.97%,18.44%,21.30%,24.11%,26.89%,29.70%,32.66%,36.35%
Q,Q10,Q1001,"8,226 ",0.56%,1.71%,5.29%,6.60%,9.64%,12.27%,14.99%,17.74%,20.78%,23.60%,26.57%,29.48%,31.81%,35.39%,38.39%
Q,Q11,Q1101,"7,995 ",0.73%,2.61%,4.47%,7.44%,10.34%,12.67%,15.61%,18.74%,21.66%,25.04%,28.32%,31.64%,34.15%,37.37%,40.96%
Q,Q12,Q1201,"11,032 ",0.85%,2.49%,4.93%,7.37%,10.00%,12.38%,15.30%,17.76%,20.32%,23.21%,26.21%,28.60%,31.20%,34.02%,36.62%
Q,Q13,Q1301,"2,001 ",1.90%,4.10%,7.75%,13.14%,15.14%,17.79%,19.99%,22.59%,25.44%,28.19%,31.18%,34.43%,37.13%,40.13%,42.83%
Q,Q13,Q1302,"3,648 ",1.07%,3.84%,8.09%,11.62%,14.78%,17.54%,21.00%,23.79%,26.32%,29.44%,33.03%,35.58%,38.08%,41.12%,44.85%
Q,Q13,Q1303,"4,876 ",0.55%,1.39%,2.89%,5.68%,8.00%,10.64%,14.15%,16.24%,18.85%,22.50%,24.86%,27.56%,30.43%,34.09%,38.64%
Q,Q14,Q1401,"10,905 ",0.97%,2.58%,5.02%,8.63%,11.19%,14.13%,16.76%,19.40%,22.11%,24.84%,28.01%,30.92%,33.93%,37.07%,40.59%
Q,Q15,Q1501,"11,072 ",0.60%,2.08%,3.92%,5.95%,8.31%,10.45%,12.33%,14.24%,16.18%,18.84%,20.96%,23.25%,25.34%,27.74%,30.21%
Q,Q16,Q1601,"10,628 ",0.89%,2.59%,5.44%,8.56%,11.94%,14.96%,17.62%,20.50%,23.42%,25.82%,28.93%,31.30%,33.94%,36.94%,40.30%
Q,Q17,Q1701,"9,252 ",0.91%,2.46%,5.32%,8.48%,12.53%,15.74%,19.07%,22.31%,25.99%,29.22%,32.40%,34.88%,37.79%,40.80%,44.14%
Q,Q18,Q1801,"11,956 ",1.19%,3.77%,6.84%,10.30%,13.00%,15.62%,18.86%,21.03%,24.34%,27.41%,30.83%,33.36%,36.31%,39.35%,42.53%
Q,Q19,Q1901,"11,115 ",0.88%,2.89%,5.55%,8.59%,10.99%,13.07%,15.38%,17.80%,20.14%,22.37%,25.32%,27.83%,30.67%,33.67%,36.51%
Q,Q21,Q2101,"11,152 ",1.10%,3.35%,6.02%,9.15%,11.45%,13.85%,16.35%,18.57%,20.78%,22.82%,25.50%,27.79%,30.34%,32.72%,34.56%
Q,Q22,Q2201,"11,075 ",1.49%,4.12%,7.65%,11.27%,14.84%,17.67%,21.07%,23.64%,26.82%,30.51%,34.00%,36.89%,40.53%,45.05%,49.56%
Q,Q23,Q2301,"10,613 ",1.39%,3.41%,5.86%,8.92%,12.09%,14.38%,17.22%,20.23%,22.59%,25.55%,29.09%,32.07%,34.71%,38.49%,42.77%
Q,Q24,Q2401,"2,953 ",1.52%,3.89%,8.20%,13.38%,18.73%,24.65%,30.04%,34.54%,40.06%,45.41%,50.49%,55.27%,60.07%,66.34%,71.69%
Q,Q24,Q2402,"2,357 ",0.93%,2.55%,5.43%,7.72%,10.86%,14.34%,17.82%,20.96%,25.75%,29.15%,34.92%,37.46%,41.66%,46.97%,52.10%
R,R01,R0101,"6,577 ",0.46%,1.70%,4.00%,6.67%,9.94%,12.04%,15.22%,18.14%,20.28%,23.05%,25.62%,27.52%,30.12%,32.42%,34.83%
R,R01,R0102,"1,189 ",1.01%,3.11%,5.05%,8.49%,12.20%,14.97%,18.59%,23.72%,27.00%,29.02%,33.22%,36.92%,39.44%,45.00%,50.13%
R,R01,R0103,"1,651 ",1.09%,3.51%,5.57%,8.72%,12.24%,14.17%,16.90%,20.23%,23.08%,25.62%,29.38%,32.47%,35.37%,38.64%,42.46%
R,R02,R0201,"6,776 ",0.55%,2.26%,5.24%,9.16%,11.76%,14.15%,16.47%,18.49%,21.24%,23.91%,26.31%,28.29%,30.80%,32.78%,35.51%
R,R04,R0401,"8,347 ",1.34%,4.24%,8.72%,13.97%,17.99%,21.67%,25.78%,29.68%,34.16%,37.31%,41.78%,45.08%,48.39%,52.56%,56.34%
R,R05,R0501,"7,985 ",1.28%,3.86%,7.01%,10.36%,14.14%,17.35%,20.46%,23.22%,26.42%,29.32%,32.69%,35.98%,39.19%,42.78%,46.49%
R,R07,R0701,"9,608 ",1.25%,4.03%,7.75%,10.90%,13.03%,14.58%,16.70%,18.79%,21.49%,23.91%,26.43%,28.32%,30.53%,32.56%,34.44%
R,R08,R0801,"11,851 ",1.41%,4.20%,7.42%,10.85%,13.75%,17.64%,18.33%,20.80%,23.09%,25.41%,28.47%,30.61%,32.61%,34.96%,37.15%
R,R09,R0901,"8,627 ",1.83%,4.66%,8.87%,13.09%,17.41%,21.90%,26.09%,28.07%,31.44%,34.91%,38.48%,41.31%,44.56%,47.57%,50.68%
R,R10,R1001,"8,340 ",2.07%,4.82%,9.30%,13.27%,16.68%,19.59%,23.36%,26.07%,29.35%,32.17%,36.06%,38.51%,41.00%,43.99%,46.21%
R,R11,R1101,"6,394 ",0.84%,4.16%,7.79%,12.45%,15.78%,18.58%,21.38%,24.02%,26.65%,29.72%,32.78%,35.72%,38.54%,41.79%,44.81%
R,R11,R1102,"2,751 ",0.62%,1.96%,3.42%,4.98%,6.65%,9.16%,11.74%,14.47%,16.94%,18.47%,21.08%,22.94%,25.55%,27.74%,30.32%
R,R12,R1201,"8,918 ",0.86%,2.28%,4.43%,7.25%,9.77%,11.45%,13.77%,15.72%,18.22%,20.31%,22.88%,25.24%,27.46%,30.37%,32.82%
R,R13,R1301,"9,333 ",1.69%,4.58%,7.78%,11.56%,15.11%,18.10%,21.46%,24.17%,27.15%,30.55%,33.94%,37.18%,40.11%,43.88%,48.46%
R,R15,R1501,"10,029 ",0.43%,2.32%,4.17%,6.65%,9.04%,11.00%,12.77%,15.18%,17.18%,19.27%,22.16%,24.39%,26.89%,29.83%,32.39%
R,R15,R1502,"1,593 ",0.75%,3.26%,5.34%,8.22%,10.42%,11.93%,15.38%,17.58%,19.96%,21.47%,24.98%,27.31%,29.94%,34.78%,38.23%
R,R16,R1601,"9,091 ",0.70%,2.11%,4.28%,6.59%,8.33%,9.86%,11.45%,13.23%,15.11%,17.14%,19.15%,20.64%,22.10%,23.65%,24.99%
R,R17,R1701,"10,155 ",0.97%,2.82%,5.22%,7.89%,10.12%,12.17%,14.28%,16.77%,18.56%,20.65%,23.44%,25.66%,27.68%,30.60%,33.23%
R,R18,R1801,"11,205 ",2.16%,5.74%,9.51%,14.35%,17.82%,20.56%,24.17%,27.30%,30.78%,34.32%,37.37%,40.58%,44.17%,47.27%,50.51%
R,R18,R1802,"1,868 ",1.12%,2.89%,4.23%,6.96%,9.26%,11.30%,13.97%,16.06%,18.36%,20.72%,23.39%,26.77%,28.80%,32.23%,34.85%
R,R19,R1901,"3,869 ",1.14%,3.00%,4.88%,6.82%,8.97%,10.57%,12.72%,14.89%,17.06%,19.10%,21.25%,22.72%,24.58%,26.57%,28.90%
R,R19,R1902,"5,480 ",0.66%,1.84%,3.83%,6.08%,8.12%,9.98%,12.17%,13.83%,15.36%,17.41%,20.07%,22.50%,24.71%,27.50%,31.46%
R,R20,R2001,"7,547 ",0.93%,2.85%,6.52%,9.92%,13.09%,15.32%,18.63%,21.41%,24.41%,26.81%,30.45%,33.07%,35.56%,38.48%,41.69%
R,R21,R2101,"7,008 ",0.61%,1.70%,3.60%,6.11%,8.80%,11.54%,13.87%,16.28%,19.08%,21.52%,24.56%,27.18%,29.44%,32.32%,35.59%
R,R23,R2301,"8,939 ",1.02%,3.08%,5.62%,8.49%,10.84%,12.80%,15.45%,17.64%,20.25%,22.56%,25.66%,28.43%,31.51%,34.88%,38.43%
R,R23,R2302,"2,124 ",1.13%,3.15%,5.51%,8.47%,11.96%,15.30%,18.13%,20.48%,23.12%,25.24%,28.95%,31.92%,33.71%,36.86%,39.74%
R,R24,R2401,"10,995 ",0.87%,2.66%,5.25%,8.30%,11.01%,13.29%,15.74%,18.54%,21.42%,24.45%,27.61%,30.03%,32.57%,35.36%,38.81%
R,R25,R2501,"9,864 ",0.82%,2.05%,3.69%,6.52%,9.54%,12.48%,14.77%,17.49%,20.28%,22.44%,26.00%,28.70%,31.09%,34.22%,37.29%
R,R26,R2601,"10,627 ",1.31%,4.16%,7.93%,10.92%,14.21%,16.97%,20.11%,23.20%,26.25%,29.99%,33.60%,36.65%,40.11%,43.99%,48.30%
R,R28,R2801,"6,657 ",1.10%,4.43%,7.96%,10.97%,13.76%,17.17%,19.87%,22.32%,24.98%,28.57%,32.82%,36.31%,40.02%,44.19%,49.00%
R,R28,R2802,"3,245 ",0.59%,1.23%,3.14%,4.87%,6.81%,8.88%,10.66%,12.57%,14.58%,17.13%,19.32%,21.08%,23.94%,27.21%,31.12%
R,R29,R2901,"11,240 ",1.24%,3.32%,6.42%,9.71%,12.88%,15.08%,17.94%,20.52%,23.23%,26.58%,30.13%,33.49%,36.91%,40.73%,44.71%
R,R30,R3001,"7,571 ",0.71%,2.18%,4.77%,7.28%,10.01%,11.94%,14.70%,17.09%,19.68%,22.43%,25.56%,27.66%,30.00%,32.84%,35.52%
R,R30,R3002,"7,849 ",1.02%,2.96%,5.48%,8.88%,11.73%,14.01%,16.66%,18.88%,21.35%,24.07%,27.05%,29.35%,31.93%,34.74%,37.51%
R,R31,R3101,"10,325 ",0.68%,2.37%,4.94%,7.90%,10.73%,13.47%,15.92%,18.67%,22.04%,25.09%,28.77%,31.53%,34.33%,38.15%,43.02%
R,R32,R3201,"8,155 ",1.52%,3.73%,7.36%,10.93%,14.37%,17.96%,21.91%,25.29%,28.38%,31.53%,35.00%,38.65%,41.80%,45.27%,49.26%
R,R32,R3202,289 ,4.84%,10.73%,19.38%,24.57%,26.64%,29.07%,34.26%,40.14%,46.02%,48.10%,52.25%,56.06%,59.52%,60.90%,64.36%
R,R33,R3301,"8,467 ",0.92%,2.63%,5.40%,8.66%,11.68%,15.06%,18.06%,20.88%,24.00%,27.19%,30.53%,33.97%,36.54%,39.49%,43.36%
R,R34,R3401,"5,376 ",0.84%,3.03%,6.45%,9.78%,13.39%,17.24%,20.68%,24.65%,28.79%,32.42%,37.30%,41.03%,44.81%,50.50%,55.17%
R,R34,R3402,"2,455 ",0.69%,2.81%,5.62%,9.86%,12.75%,14.75%,18.29%,20.61%,24.77%,27.94%,31.36%,34.50%,36.66%,40.90%,44.64%
R,R34,R3403,"1,608 ",4.29%,8.40%,11.44%,16.36%,20.27%,24.32%,26.49%,28.92%,31.90%,35.26%,39.18%,42.66%,46.27%,50.44%,53.17%
R,R35,R3501,"7,185 ",1.10%,4.01%,7.36%,10.91%,14.70%,17.40%,20.97%,23.95%,27.28%,30.91%,34.18%,36.90%,39.53%,42.98%,46.64%
S,S01,S0101,"7,101 ",1.48%,3.91%,7.72%,11.41%,15.45%,18.17%,21.08%,24.46%,26.74%,29.45%,32.69%,34.61%,37.56%,41.05%,43.82%
S,S01,S0102,"3,875 ",1.47%,4.39%,7.69%,10.99%,13.39%,15.17%,17.73%,19.87%,23.48%,25.68%,29.26%,31.48%,33.57%,36.05%,39.15%
S,S02,S0201,"11,038 ",1.78%,5.83%,9.31%,14.56%,17.57%,20.43%,24.53%,27.49%,30.46%,32.67%,36.99%,39.62%,42.64%,45.93%,48.92%
S,S03,S0301,"7,247 ",1.44%,3.68%,7.38%,10.58%,13.55%,16.48%,19.13%,21.84%,24.82%,27.09%,29.64%,32.41%,35.63%,38.14%,41.37%
S,S04,S0401,"8,668 ",1.65%,4.65%,9.14%,12.68%,16.09%,19.24%,22.52%,25.76%,29.30%,33.13%,36.39%,39.21%,41.99%,44.76%,47.20%
S,S05,S0501,"6,849 ",0.89%,2.48%,5.07%,7.91%,10.54%,12.88%,15.33%,17.68%,20.37%,22.62%,26.40%,29.20%,32.62%,36.24%,39.68%
S,S06,S0601,"4,574 ",1.79%,4.50%,7.83%,11.59%,14.56%,16.70%,19.00%,21.49%,23.83%,26.89%,29.97%,33.03%,35.92%,39.18%,42.24%
S,S07,S0701,"11,293 ",0.91%,3.54%,7.31%,10.88%,14.08%,16.99%,19.68%,22.34%,25.27%,27.42%,30.58%,33.13%,35.64%,38.13%,41.43%
S,S08,S0801,"10,191 ",1.27%,4.45%,8.94%,12.67%,15.95%,18.79%,21.58%,24.60%,28.01%,30.57%,33.91%,36.75%,39.84%,42.74%,46.18%
S,S09,S0901,"11,897 ",1.83%,5.19%,8.88%,12.94%,16.58%,19.80%,23.40%,26.19%,29.54%,32.54%,36.13%,39.06%,41.94%,45.20%,48.58%
S,S10,S1001,"7,835 ",1.74%,5.18%,9.05%,13.30%,16.48%,20.03%,22.85%,25.50%,28.82%,31.54%,34.97%,38.33%,41.16%,42.99%,46.32%
S,S11,S1101,"8,550 ",0.58%,2.50%,5.88%,8.95%,11.98%,14.27%,17.15%,19.81%,22.71%,25.23%,28.08%,31.02%,33.66%,36.40%,39.02%
S,S12,S1201,"11,464 ",1.23%,4.10%,7.41%,10.65%,13.26%,15.39%,17.50%,19.90%,22.74%,25.10%,28.21%,30.79%,33.43%,36.18%,38.45%
S,S14,S1401,"7,259 ",0.76%,4.06%,8.55%,13.14%,18.17%,20.62%,24.77%,28.12%,31.92%,34.88%,39.11%,42.95%,46.51%,49.77%,53.31%
S,S15,S1501,"8,070 ",0.64%,2.81%,5.80%,8.90%,12.12%,14.80%,16.90%,19.11%,20.59%,22.30%,24.89%,26.91%,29.00%,31.07%,33.56%
S,S16,S1601,"8,650 ",1.60%,4.49%,8.23%,12.34%,16.38%,19.68%,23.33%,27.11%,30.53%,33.25%,37.09%,40.32%,43.31%,46.37%,49.35%
S,S18,S1801,"11,066 ",1.17%,3.99%,7.69%,11.87%,15.07%,17.61%,20.97%,22.89%,26.21%,29.05%,31.70%,34.25%,36.71%,38.98%,42.07%
S,S19,S1901,"11,586 ",0.96%,2.62%,4.86%,7.22%,9.54%,11.46%,13.79%,16.06%,18.34%,20.91%,23.43%,25.87%,28.27%,31.32%,34.59%
S,S20,S2001,"9,283 ",1.03%,3.03%,5.48%,8.99%,11.57%,14.15%,16.84%,19.89%,22.83%,24.77%,28.58%,31.13%,34.07%,37.23%,40.02%
S,S21,S2101,"9,333 ",1.25%,3.83%,7.25%,11.01%,14.48%,16.75%,19.20%,22.13%,24.82%,26.92%,30.89%,33.53%,36.57%,40.45%,43.39%
S,S22,S2201,"2,079 ",0.91%,2.84%,5.96%,9.96%,13.80%,16.26%,19.14%,22.41%,24.68%,27.80%,30.93%,33.33%,35.64%,39.73%,42.33%
S,S22,S2202,"6,789 ",1.36%,4.33%,7.69%,12.76%,17.17%,19.93%,23.24%,26.51%,30.42%,32.95%,37.18%,40.77%,43.84%,46.93%,50.33%
S,S23,S2301,"5,142 ",0.99%,3.50%,6.05%,9.20%,11.45%,13.36%,15.36%,16.92%,19.29%,21.35%,23.61%,25.28%,27.79%,29.99%,34.07%
S,S23,S2302,"5,927 ",1.38%,4.13%,7.66%,10.78%,13.55%,15.61%,18.42%,21.02%,23.99%,26.07%,28.90%,31.28%,33.86%,37.17%,40.19%
S,S24,S2401,"7,411 ",1.32%,4.45%,8.77%,12.44%,14.91%,16.64%,18.99%,21.43%,24.36%,26.68%,29.74%,31.97%,34.11%,35.95%,37.46%
S,S24,S2402,"4,503 ",0.84%,3.18%,5.35%,9.02%,11.95%,13.37%,15.94%,18.03%,20.39%,23.01%,25.74%,28.31%,30.56%,33.62%,37.18%
S,S25,S2501,"8,368 ",1.43%,4.18%,8.09%,11.21%,13.96%,15.74%,18.03%,20.14%,22.99%,25.57%,28.32%,31.08%,33.35%,36.29%,39.26%
S,S27,S2701,"8,792 ",1.59%,4.87%,8.26%,11.91%,14.90%,17.37%,20.38%,23.02%,26.11%,28.74%,31.46%,34.09%,37.12%,40.21%,43.60%
S,S28,S2801,"11,545 ",1.02%,3.07%,5.40%,8.62%,11.47%,13.65%,16.25%,18.65%,21.11%,23.90%,26.76%,29.35%,32.13%,35.30%,37.81%
T,T01,T0101,"1,759 ",4.95%,12.79%,18.42%,21.60%,23.42%,25.13%,27.06%,28.71%,30.42%,32.52%,36.33%,40.31%,45.88%,48.38%,49.63%
T,T01,T0102,93 ,4.30%,12.90%,21.51%,22.58%,30.11%,30.11%,32.26%,35.48%,35.48%,35.48%,37.63%,37.63%,37.63%,37.63%,37.63%
T,T01,T0103,36 ,5.56%,13.89%,30.56%,33.33%,47.22%,47.22%,58.33%,58.33%,58.33%,61.11%,61.11%,63.89%,63.89%,63.89%,63.89%
T,T01,T0104,706 ,1.27%,2.83%,5.24%,9.49%,12.04%,15.44%,20.96%,23.51%,24.93%,25.35%,28.33%,30.88%,32.01%,33.99%,34.84%
T,T01,T0105,64 ,1.56%,9.38%,10.94%,21.88%,23.44%,25.00%,31.25%,35.94%,40.63%,40.63%,42.19%,42.19%,42.19%,42.19%,42.19%
T,T01,T0106,65 ,6.15%,7.69%,12.31%,24.62%,27.69%,32.31%,32.31%,35.38%,40.00%,43.08%,46.15%,46.15%,46.15%,47.69%,47.69%
T,T01,T0107,"2,743 ",1.39%,5.29%,10.79%,17.06%,21.73%,24.94%,28.14%,31.28%,34.20%,37.95%,41.63%,44.91%,47.43%,50.71%,52.53%
T,T01,T0108,359 ,3.06%,6.13%,13.65%,18.66%,23.40%,28.69%,32.31%,36.77%,43.45%,46.80%,52.92%,55.43%,57.94%,60.17%,61.00%
T,T01,T0109,843 ,1.07%,4.74%,9.25%,13.88%,17.08%,19.81%,23.01%,26.33%,30.13%,34.16%,39.03%,42.94%,46.86%,49.94%,51.36%
T,T02,T0201,"8,096 ",1.03%,3.88%,8.60%,12.69%,17.28%,21.10%,24.75%,27.48%,30.68%,33.60%,38.25%,42.50%,46.05%,50.58%,54.78%
T,T03,T0301,"8,973 ",0.87%,2.63%,4.62%,6.71%,9.08%,11.19%,13.12%,14.94%,16.90%,18.89%,22.68%,25.44%,28.32%,31.87%,34.60%
T,T04,T0401,"6,287 ",0.81%,2.45%,5.84%,9.02%,13.38%,17.39%,20.84%,23.87%,26.86%,30.49%,33.35%,35.37%,38.05%,40.42%,43.20%
T,T05,T0501,"10,139 ",0.80%,2.40%,4.60%,8.65%,12.12%,12.44%,15.85%,17.19%,19.02%,20.92%,23.66%,25.68%,28.31%,30.85%,33.70%
T,T06,T0601,"4,161 ",0.94%,2.33%,4.57%,8.15%,12.16%,15.07%,17.47%,20.21%,23.14%,25.07%,28.70%,31.43%,33.57%,35.76%,38.09%
T,T07,T0701,"3,807 ",2.73%,6.88%,12.24%,17.99%,23.85%,29.21%,33.78%,38.77%,43.08%,46.94%,50.91%,55.27%,58.92%,63.54%,65.54%
T,T08,T0801,"2,094 ",4.20%,9.69%,15.66%,21.39%,26.03%,30.66%,33.62%,37.39%,40.54%,45.65%,48.28%,51.43%,53.72%,56.16%,58.50%
T,T08,T0802,253 ,4.74%,12.25%,18.58%,24.51%,27.67%,30.83%,32.81%,34.39%,37.94%,40.32%,43.08%,48.62%,49.80%,50.20%,52.96%
T,T09,T0901,"4,102 ",0.95%,4.63%,8.78%,12.65%,16.21%,19.23%,22.31%,25.82%,27.96%,30.94%,34.71%,37.98%,41.42%,46.03%,48.59%
T,T09,T0902,"2,064 ",1.02%,3.59%,7.61%,11.97%,15.12%,18.07%,21.61%,23.40%,25.82%,27.96%,31.25%,34.59%,38.08%,42.83%,45.64%
