分區編號,投票站編號 ,地方選區,選民人數*,累積投票率* Aggregate Voter Turnout Rate*,,,,,,,,,,,,,,
District Code,Polling Station Code,"Geographical
Constituency",No. of Electors*,08:30,09:30,10:30,11:30,12:30,13:30,14:30,15:30,16:30,17:30,18:30,19:30,20:30,21:30,22:30
N,N0101,LC5,"10,164 ",0.59%,2.10%,4.82%,8.72%,12.89%,16.60%,20.00%,23.25%,26.75%,30.00%,32.71%,35.60%,38.37%,41.32%,44.06%
N,N0201,LC5,"3,181 ",0.47%,1.85%,3.77%,6.82%,10.12%,12.76%,16.25%,19.11%,22.23%,24.68%,27.41%,31.12%,33.98%,36.62%,39.20%
N,N0202,LC5,"2,999 ",0.60%,2.07%,5.87%,9.47%,14.00%,18.01%,21.34%,24.84%,34.18%,36.45%,39.21%,41.85%,44.55%,48.72%,52.58%
N,N0301,LC5,"11,423 ",0.53%,2.03%,4.76%,7.84%,10.44%,12.75%,15.35%,18.39%,21.10%,24.11%,26.80%,29.97%,32.86%,35.29%,38.32%
N,N0401,LC5,"11,161 ",0.56%,2.64%,5.64%,9.41%,13.18%,16.58%,20.85%,24.40%,27.78%,31.14%,34.15%,37.96%,41.40%,44.77%,48.03%
N,N0501,LC5,"11,578 ",0.56%,2.03%,4.18%,7.25%,10.19%,12.88%,15.66%,18.77%,21.70%,24.75%,27.76%,31.20%,34.46%,37.39%,40.81%
N,N0601,LC5,"5,124 ",1.07%,3.20%,5.91%,9.04%,13.60%,16.96%,21.17%,24.98%,28.96%,32.63%,36.48%,40.36%,44.20%,47.21%,50.62%
N,N0602,LC5,"8,132 ",0.59%,2.67%,5.08%,8.88%,11.93%,14.79%,17.73%,20.62%,23.51%,26.57%,29.53%,33.02%,36.18%,39.39%,43.52%
N,N0701,LC5,"9,828 ",0.83%,3.09%,6.04%,10.06%,13.50%,17.16%,21.03%,24.94%,28.04%,31.61%,34.82%,38.48%,41.61%,44.50%,48.19%
N,N0801,LC5,"3,907 ",1.18%,2.87%,5.81%,9.78%,15.13%,19.73%,24.42%,28.64%,33.58%,37.86%,41.77%,45.48%,49.17%,53.19%,57.87%
N,N0802,LC5,"2,657 ",0.49%,3.01%,6.17%,9.45%,12.87%,17.09%,21.42%,26.01%,30.79%,35.57%,39.22%,43.77%,47.42%,52.31%,57.21%
N,N0901,LC5,"8,575 ",0.68%,2.33%,5.17%,8.42%,11.34%,13.94%,16.73%,19.17%,21.67%,24.35%,27.39%,30.23%,33.60%,36.07%,39.20%
N,N1001,LC5,"7,221 ",0.42%,1.45%,3.92%,6.55%,9.82%,13.74%,17.13%,19.87%,22.16%,24.87%,28.17%,31.23%,33.87%,37.61%,41.20%
N,N1101,LC5,"2,747 ",1.09%,1.53%,3.13%,4.22%,7.94%,9.72%,12.27%,15.03%,17.11%,19.15%,21.19%,23.48%,25.37%,27.38%,29.74%
N,N1102,LC5,"1,797 ",0.72%,2.17%,4.90%,7.51%,9.68%,12.58%,14.97%,17.03%,21.20%,24.15%,27.38%,29.49%,31.11%,33.28%,35.00%
N,N1103,LC5,"3,213 ",0.65%,1.56%,3.77%,6.32%,9.12%,11.30%,14.13%,16.28%,18.30%,21.10%,23.34%,25.80%,27.89%,29.79%,32.12%
N,N1104,LC5,"2,015 ",1.69%,3.97%,7.15%,10.87%,14.49%,18.66%,21.79%,25.76%,29.28%,32.66%,36.43%,40.20%,42.78%,45.31%,48.39%
N,N1201,LC5,"11,002 ",0.72%,2.79%,6.20%,9.86%,13.33%,16.41%,19.23%,22.19%,25.24%,28.23%,31.06%,34.13%,36.84%,39.54%,42.02%
N,N1301,LC5,"1,609 ",0.44%,1.24%,2.92%,5.28%,8.45%,10.81%,13.42%,15.66%,18.71%,20.76%,23.62%,26.35%,28.53%,31.63%,34.18%
N,N1302,LC5,"5,117 ",0.45%,2.33%,4.71%,9.09%,13.00%,17.00%,20.85%,24.88%,28.45%,32.25%,36.70%,40.41%,43.21%,46.36%,50.75%
N,N1303,LC5,"2,625 ",1.18%,3.28%,6.59%,10.17%,13.94%,17.49%,20.42%,24.11%,28.04%,31.70%,35.16%,38.13%,42.44%,46.32%,48.69%
N,N1401,LC5,"10,233 ",0.67%,1.81%,4.27%,7.43%,10.77%,13.89%,16.89%,20.11%,23.36%,26.60%,29.49%,32.74%,35.54%,38.77%,42.37%
N,N1501,LC5,"8,296 ",0.65%,2.04%,4.71%,7.29%,10.66%,13.43%,16.66%,19.12%,22.00%,25.01%,28.17%,31.10%,34.51%,37.54%,40.51%
N,N1601,LC5,"1,309 ",0.15%,0.69%,1.91%,4.13%,6.26%,8.10%,9.32%,10.39%,11.84%,13.37%,14.90%,16.42%,18.64%,19.48%,20.93%
N,N1602,LC5,"2,085 ",0.43%,1.87%,4.65%,8.15%,11.75%,13.76%,14.92%,16.40%,17.60%,18.80%,20.48%,21.97%,23.02%,23.84%,24.99%
N,N1603,LC5,105 ,0.95%,5.71%,12.38%,13.33%,14.29%,14.29%,16.19%,18.10%,20.00%,22.86%,27.62%,27.62%,27.62%,27.62%,27.62%
N,N1604,LC5,"3,442 ",0.44%,2.64%,5.87%,10.81%,13.95%,17.32%,20.19%,22.52%,24.38%,26.99%,30.16%,33.21%,36.87%,40.76%,42.71%
N,N1605,LC5,72 ,1.39%,1.39%,6.94%,15.28%,23.61%,27.78%,30.56%,33.33%,38.89%,38.89%,41.67%,43.06%,43.06%,47.22%,47.22%
N,N1606,LC5,"1,475 ",0.61%,2.37%,5.69%,9.76%,13.63%,16.07%,18.44%,20.61%,22.51%,24.41%,26.64%,29.49%,31.93%,33.49%,35.66%
N,N1701,LC5,"6,617 ",0.56%,1.62%,3.54%,6.30%,9.49%,12.72%,15.79%,19.04%,21.64%,24.39%,27.34%,30.38%,33.35%,36.84%,40.73%
N,N1702,LC5,"2,645 ",1.32%,3.25%,6.69%,11.98%,15.46%,18.11%,24.65%,28.88%,31.49%,36.26%,39.74%,42.34%,45.78%,49.41%,52.25%
N,N1801,LC5,"1,551 ",0.32%,2.64%,3.68%,6.45%,9.67%,13.93%,16.05%,19.02%,21.73%,23.73%,26.18%,28.82%,30.43%,31.85%,34.24%
N,N1802,LC5,"1,730 ",0.81%,1.68%,4.34%,6.07%,9.42%,12.20%,15.55%,17.05%,20.06%,23.35%,26.13%,29.42%,32.43%,34.39%,36.82%
N,N1803,LC5,"2,015 ",0.99%,2.48%,4.27%,6.30%,8.54%,11.27%,13.60%,15.38%,17.57%,20.45%,23.28%,25.61%,27.54%,30.07%,32.56%
N,N1804,LC5,"2,486 ",0.60%,2.21%,4.67%,7.16%,9.94%,12.43%,15.57%,17.82%,20.03%,22.53%,25.30%,27.35%,28.76%,31.62%,34.35%
N,N1805,LC5,610 ,0.16%,2.62%,6.23%,11.48%,14.92%,17.87%,19.67%,21.97%,23.93%,25.57%,29.84%,32.79%,34.26%,37.38%,40.49%
P,P0101,LC5,"6,216 ",0.88%,2.72%,5.31%,8.56%,11.34%,14.49%,17.71%,20.75%,23.60%,26.03%,29.18%,32.21%,34.93%,37.18%,38.93%
P,P0201,LC5,"7,544 ",0.56%,2.62%,5.69%,10.35%,15.42%,19.25%,24.36%,28.92%,33.15%,36.45%,40.44%,44.64%,48.67%,52.08%,55.65%
P,P0301,LC5,"3,342 ",0.66%,2.87%,5.30%,10.08%,14.00%,18.61%,23.22%,26.57%,30.16%,33.81%,37.25%,41.38%,44.82%,48.68%,53.14%
P,P0302,LC5,"5,456 ",0.79%,2.57%,5.79%,8.54%,12.04%,15.51%,18.38%,21.57%,24.69%,27.84%,30.76%,33.83%,37.30%,39.85%,43.22%
P,P0401,LC5,"8,662 ",0.60%,2.07%,4.80%,7.68%,10.53%,13.30%,16.31%,19.23%,22.00%,25.09%,27.61%,30.54%,33.31%,35.95%,38.55%
P,P0501,LC5,"11,399 ",0.65%,2.02%,4.17%,6.75%,9.92%,12.26%,15.28%,18.34%,21.39%,24.31%,26.83%,30.62%,33.31%,36.59%,40.11%
P,P0601,LC5,"13,201 ",0.49%,1.86%,4.29%,7.54%,10.92%,14.45%,17.64%,20.66%,23.61%,26.52%,29.63%,32.88%,36.21%,39.49%,42.65%
P,P0701,LC5,"8,982 ",0.87%,2.56%,6.19%,9.71%,13.40%,16.60%,20.54%,23.64%,26.89%,30.06%,33.19%,36.32%,39.25%,42.43%,44.78%
P,P0801,LC5,"7,465 ",1.00%,3.05%,5.44%,8.94%,12.32%,15.10%,17.86%,20.68%,23.01%,25.95%,28.83%,32.47%,35.57%,38.10%,41.27%
P,P0802,LC5,"1,170 ",1.20%,5.13%,8.46%,12.48%,16.24%,19.57%,25.04%,28.46%,32.91%,38.12%,41.11%,44.10%,47.95%,52.05%,55.98%
P,P0901,LC5,"8,433 ",1.00%,2.96%,6.52%,10.10%,13.07%,17.00%,19.93%,22.59%,25.95%,28.95%,32.37%,36.17%,39.29%,42.04%,45.20%
P,P1001,LC5,"5,762 ",0.68%,2.17%,4.72%,8.28%,13.00%,17.91%,21.83%,25.72%,29.97%,33.34%,37.05%,40.65%,43.91%,47.34%,51.21%
P,P1002,LC5,"2,185 ",0.73%,3.11%,6.27%,10.89%,15.38%,18.90%,23.89%,27.83%,31.81%,35.47%,39.63%,43.30%,46.82%,49.47%,52.91%
P,P1101,LC5,"11,580 ",0.70%,2.65%,4.91%,8.91%,12.79%,15.90%,19.15%,22.69%,25.73%,29.13%,32.30%,36.11%,39.36%,42.59%,46.39%
P,P1201,LC5,"7,393 ",0.73%,2.00%,4.99%,8.97%,13.69%,16.84%,20.59%,24.75%,29.11%,32.21%,36.26%,39.77%,42.92%,47.22%,52.43%
P,P1202,LC5,"1,946 ",2.11%,4.01%,6.27%,9.10%,11.31%,14.65%,18.14%,21.43%,25.85%,29.29%,32.43%,36.59%,40.13%,43.11%,47.12%
P,P1301,LC5,642 ,1.71%,4.98%,8.10%,14.95%,19.16%,23.36%,28.35%,30.69%,33.64%,37.38%,40.81%,44.39%,47.20%,50.93%,53.58%
P,P1302,LC5,"5,873 ",0.66%,1.79%,3.85%,7.15%,10.35%,13.25%,16.41%,19.41%,22.25%,25.29%,28.13%,30.87%,33.46%,37.08%,39.59%
P,P1303,LC5,"1,405 ",1.42%,2.92%,5.27%,8.90%,13.02%,15.66%,19.29%,22.49%,25.98%,28.54%,32.81%,36.65%,40.43%,44.77%,49.54%
P,P1401,LC5,"10,432 ",0.38%,1.61%,3.59%,6.46%,9.40%,12.13%,15.38%,18.49%,21.57%,24.43%,27.73%,30.69%,33.89%,36.83%,39.50%
P,P1501,LC5,"10,790 ",0.51%,1.71%,3.66%,6.78%,9.89%,12.58%,15.58%,18.53%,21.34%,23.88%,27.10%,30.25%,32.98%,36.09%,38.91%
P,P1601,LC5,"7,479 ",1.36%,3.18%,5.68%,9.60%,13.30%,17.90%,22.29%,27.13%,31.43%,35.45%,39.48%,43.82%,47.48%,51.10%,54.19%
P,P1701,LC5,"4,748 ",0.34%,1.71%,3.98%,7.27%,11.79%,15.40%,19.55%,23.74%,27.44%,30.81%,34.31%,37.91%,40.99%,44.78%,49.41%
P,P1702,LC5,"1,696 ",1.24%,3.30%,6.60%,9.79%,14.21%,17.22%,21.52%,24.29%,28.07%,32.61%,36.73%,39.86%,42.28%,45.11%,47.41%
P,P1703,LC5,"1,844 ",0.65%,2.71%,5.31%,8.41%,12.42%,15.89%,21.42%,26.52%,29.12%,33.73%,36.55%,40.29%,43.33%,46.85%,51.30%
P,P1801,LC5,"2,798 ",1.18%,3.25%,6.36%,9.08%,13.08%,16.58%,20.23%,22.73%,25.55%,28.45%,32.13%,34.81%,38.49%,41.67%,45.89%
P,P1802,LC5,"4,274 ",1.01%,2.81%,5.17%,8.40%,11.84%,15.82%,18.58%,21.67%,24.68%,28.50%,32.08%,35.10%,38.14%,41.34%,44.57%
P,P1803,LC5,"1,265 ",1.11%,2.29%,4.98%,9.80%,13.52%,16.52%,21.74%,25.30%,31.15%,35.49%,39.76%,43.00%,46.25%,51.30%,55.65%
P,P1901,LC5,"5,369 ",0.80%,2.03%,3.97%,6.97%,10.04%,13.50%,16.89%,20.25%,24.27%,27.98%,31.18%,34.87%,38.00%,42.19%,46.62%
P,P1902,LC5,136 ,1.47%,4.41%,8.09%,10.29%,12.50%,13.97%,16.18%,17.65%,19.85%,22.79%,26.47%,26.47%,27.94%,29.41%,29.41%
P,P1903,LC5,247 ,3.64%,12.15%,16.19%,22.27%,24.70%,25.91%,26.32%,26.32%,26.32%,26.32%,27.13%,28.74%,29.55%,29.55%,29.55%
Q,Q0101,LC5,"8,655 ",0.87%,2.90%,6.16%,9.65%,13.19%,17.19%,21.70%,24.30%,26.94%,29.22%,32.65%,34.88%,37.69%,40.12%,42.81%
Q,Q0102,LC5,"1,825 ",0.77%,3.51%,7.62%,11.07%,13.75%,17.32%,19.51%,21.48%,23.62%,24.99%,28.27%,30.36%,33.21%,36.44%,40.05%
Q,Q0201,LC5,"6,928 ",0.35%,1.60%,4.27%,7.59%,11.01%,14.82%,17.84%,20.90%,23.89%,26.95%,30.37%,33.23%,35.49%,37.93%,40.70%
Q,Q0401,LC5,"4,855 ",0.62%,2.04%,4.47%,7.23%,12.56%,15.86%,19.65%,22.72%,26.16%,29.41%,32.23%,34.73%,37.18%,40.21%,43.54%
Q,Q0501,LC5,"4,114 ",0.44%,1.63%,3.86%,7.24%,11.40%,14.78%,19.54%,22.78%,26.47%,28.93%,32.52%,35.49%,38.02%,40.81%,43.22%
Q,Q0601,LC5,"8,586 ",0.72%,2.49%,5.17%,7.99%,11.04%,14.28%,17.38%,20.68%,23.98%,27.47%,31.27%,34.39%,37.76%,41.50%,45.63%
Q,Q0701,LC5,"6,702 ",0.79%,3.21%,7.01%,11.13%,16.73%,21.92%,26.96%,32.05%,36.96%,41.64%,46.37%,50.76%,54.61%,58.48%,63.35%
Q,Q0801,LC5,"5,663 ",0.37%,1.71%,4.13%,7.49%,11.16%,14.66%,18.58%,23.11%,27.19%,30.92%,35.14%,38.71%,41.62%,47.87%,50.24%
Q,Q0901,LC5,"8,037 ",0.51%,1.51%,3.63%,6.38%,8.59%,10.85%,13.70%,16.54%,18.95%,21.60%,24.39%,28.24%,31.35%,34.43%,38.34%
Q,Q1001,LC5,"10,408 ",0.40%,2.02%,4.08%,7.22%,9.75%,12.58%,16.21%,19.09%,22.22%,25.07%,28.47%,31.73%,34.46%,37.82%,41.06%
Q,Q1101,LC5,"8,977 ",0.26%,1.70%,4.09%,7.52%,11.10%,14.79%,18.97%,22.97%,27.78%,31.02%,34.69%,38.32%,41.37%,44.66%,49.16%
Q,Q1201,LC5,"9,616 ",0.61%,2.03%,5.03%,9.31%,13.06%,16.45%,20.27%,24.62%,28.27%,32.24%,36.25%,39.59%,43.54%,47.51%,50.57%
Q,Q1301,LC5,"5,648 ",0.71%,1.97%,5.33%,9.97%,13.99%,19.09%,24.42%,28.63%,33.92%,39.22%,43.54%,47.91%,51.42%,55.88%,59.99%
Q,Q1401,LC5,"9,533 ",0.47%,1.80%,4.45%,8.13%,12.47%,16.58%,21.04%,25.94%,30.70%,34.69%,38.81%,42.70%,46.52%,50.42%,54.47%
Q,Q1501,LC5,"2,012 ",0.55%,1.89%,6.06%,8.10%,11.83%,15.41%,18.74%,22.71%,26.44%,29.22%,33.50%,36.63%,39.86%,44.14%,47.02%
Q,Q1502,LC5,"3,653 ",0.96%,3.12%,6.49%,9.36%,13.28%,17.36%,20.56%,23.21%,26.42%,29.95%,33.64%,36.87%,39.69%,43.12%,45.83%
Q,Q1601,LC5,"10,701 ",0.66%,2.42%,5.35%,8.49%,11.26%,13.85%,16.37%,18.73%,21.52%,24.61%,27.74%,31.02%,34.29%,36.99%,39.78%
Q,Q1701,LC5,"13,180 ",0.56%,2.05%,4.14%,7.54%,10.16%,13.47%,16.12%,19.28%,22.23%,25.24%,28.35%,31.45%,34.20%,37.12%,40.24%
Q,Q1801,LC5,"11,084 ",0.77%,3.18%,6.11%,10.11%,14.84%,19.20%,22.89%,26.94%,30.70%,34.48%,38.12%,41.74%,44.90%,48.17%,51.89%
Q,Q1901,LC5,"11,337 ",0.97%,3.16%,6.25%,10.73%,15.37%,20.36%,25.21%,29.14%,33.59%,37.66%,41.73%,45.81%,50.06%,53.95%,56.98%
Q,Q1902,LC5,"4,465 ",0.83%,2.24%,5.02%,8.56%,13.42%,17.47%,21.90%,26.65%,31.67%,36.04%,40.13%,44.03%,47.70%,51.67%,56.13%
Q,Q2001,LC5,"11,991 ",0.62%,2.31%,5.70%,8.67%,12.25%,15.29%,18.12%,21.06%,24.40%,27.70%,31.40%,34.50%,37.62%,40.73%,44.02%
Q,Q2101,LC5,"11,238 ",0.93%,3.14%,6.01%,9.73%,12.97%,16.39%,19.67%,23.12%,26.45%,29.78%,33.14%,36.95%,40.59%,44.04%,47.26%
Q,Q2201,LC5,"9,792 ",1.02%,3.24%,6.83%,11.40%,15.85%,19.71%,23.63%,27.49%,31.37%,35.46%,39.03%,42.48%,45.88%,49.72%,52.07%
Q,Q2301,LC5,"11,779 ",0.73%,3.05%,6.53%,10.32%,14.53%,19.11%,23.34%,27.01%,30.67%,34.31%,37.73%,41.14%,44.24%,47.46%,51.12%
Q,Q2401,LC5,"12,271 ",0.42%,1.44%,3.29%,5.87%,8.34%,10.37%,12.88%,15.20%,17.71%,20.50%,23.36%,26.81%,29.23%,32.96%,36.78%
Q,Q2501,LC5,"11,316 ",0.87%,2.48%,5.52%,9.20%,12.97%,15.87%,19.31%,23.05%,26.37%,29.71%,33.14%,36.53%,39.35%,42.87%,47.22%
Q,Q2601,LC5,"2,608 ",0.54%,2.88%,6.02%,11.62%,15.87%,20.86%,25.27%,29.87%,33.78%,39.34%,44.75%,51.27%,56.17%,61.20%,67.06%
Q,Q2602,LC5,"8,036 ",0.63%,2.05%,4.84%,8.33%,12.15%,17.66%,21.55%,25.85%,29.79%,34.48%,38.12%,43.70%,47.83%,52.38%,60.12%
R,R0101,LC5,"3,468 ",0.52%,2.31%,4.90%,8.48%,12.83%,16.52%,19.26%,23.36%,26.70%,30.85%,34.52%,38.52%,42.10%,44.58%,47.84%
R,R0102,LC5,"5,872 ",0.56%,2.35%,4.99%,9.06%,12.86%,16.38%,20.40%,25.24%,28.92%,32.80%,36.60%,40.46%,43.58%,47.21%,51.35%
R,R0201,LC5,"7,647 ",0.68%,2.38%,5.23%,8.55%,11.73%,14.19%,17.39%,19.85%,22.90%,25.72%,28.19%,31.52%,34.16%,36.65%,39.23%
R,R0301,LC5,"11,259 ",0.31%,1.59%,3.86%,6.84%,10.25%,12.88%,15.39%,17.90%,20.60%,23.54%,26.15%,29.18%,31.89%,34.06%,36.69%
R,R0401,LC5,"8,872 ",1.03%,3.36%,7.20%,12.26%,18.08%,22.19%,27.28%,31.93%,37.15%,41.34%,45.50%,49.67%,53.21%,57.07%,61.82%
R,R0501,LC5,"8,342 ",1.02%,2.81%,6.35%,10.36%,15.18%,19.01%,23.68%,28.35%,32.56%,36.74%,40.53%,44.51%,48.43%,52.71%,56.37%
R,R0601,LC5,"4,452 ",0.72%,2.76%,6.18%,9.95%,13.88%,17.59%,21.83%,25.29%,29.47%,32.75%,36.77%,40.63%,44.16%,47.98%,51.44%
R,R0602,LC5,"3,688 ",1.19%,3.28%,6.43%,10.30%,16.19%,20.31%,22.83%,29.09%,34.03%,38.56%,42.68%,46.50%,51.03%,55.23%,59.25%
R,R0701,LC5,"9,928 ",0.65%,2.78%,5.99%,9.51%,13.00%,15.83%,18.94%,21.59%,24.03%,26.68%,29.53%,32.84%,35.52%,37.93%,40.61%
R,R0801,LC5,"11,590 ",0.79%,2.52%,5.31%,8.10%,11.50%,14.15%,17.58%,20.47%,23.38%,26.55%,29.03%,32.12%,34.75%,37.06%,39.98%
R,R0901,LC5,"8,183 ",0.66%,2.52%,5.33%,9.23%,13.11%,16.30%,20.29%,23.62%,26.95%,30.34%,33.19%,36.44%,39.73%,42.80%,45.72%
R,R1001,LC5,"8,817 ",0.66%,3.55%,7.07%,10.81%,14.80%,18.44%,22.20%,25.45%,28.72%,32.05%,35.37%,39.16%,42.09%,45.02%,48.23%
R,R1101,LC5,"5,787 ",0.95%,2.63%,5.62%,8.83%,11.58%,14.57%,17.42%,19.91%,22.98%,25.89%,28.60%,31.50%,34.30%,36.43%,38.74%
R,R1102,LC5,"2,924 ",0.82%,1.98%,4.07%,7.83%,11.90%,15.66%,20.04%,22.85%,26.61%,30.10%,33.82%,36.56%,39.84%,43.74%,47.02%
R,R1201,LC5,"8,596 ",0.73%,2.64%,5.98%,9.47%,13.25%,16.24%,20.06%,23.37%,26.61%,30.32%,33.93%,37.27%,40.52%,43.74%,46.41%
R,R1301,LC5,"3,145 ",1.27%,3.62%,6.71%,10.43%,14.56%,18.86%,22.58%,26.01%,29.32%,33.58%,37.01%,40.60%,43.85%,46.80%,50.11%
R,R1302,LC5,"6,195 ",1.13%,2.53%,4.86%,7.86%,11.33%,14.19%,16.87%,19.48%,22.45%,25.84%,29.27%,32.53%,35.32%,37.98%,40.77%
R,R1401,LC5,"7,815 ",0.46%,2.10%,4.13%,7.27%,9.96%,13.06%,15.61%,18.25%,21.06%,23.70%,26.82%,29.79%,33.42%,36.42%,40.09%
R,R1501,LC5,"4,798 ",1.00%,2.48%,5.25%,8.46%,13.69%,17.78%,22.61%,27.18%,30.60%,35.24%,39.75%,42.79%,46.31%,51.33%,55.90%
R,R1502,LC5,"4,053 ",0.74%,2.37%,4.93%,8.34%,11.70%,14.80%,17.96%,20.55%,23.96%,27.02%,30.87%,34.30%,37.16%,40.24%,43.05%
R,R1601,LC5,"10,050 ",0.65%,1.79%,3.93%,6.69%,9.74%,12.32%,15.13%,17.66%,20.40%,23.30%,25.90%,29.08%,32.38%,35.73%,38.59%
R,R1602,LC5,"1,863 ",1.07%,3.44%,7.30%,11.33%,15.94%,20.13%,25.60%,30.17%,35.70%,39.56%,43.53%,47.07%,50.78%,55.93%,60.60%
R,R1701,LC5,"8,474 ",0.57%,2.40%,4.76%,7.35%,10.51%,13.95%,16.99%,20.08%,23.24%,26.32%,29.43%,32.63%,35.65%,38.23%,40.93%
R,R1801,LC5,"9,479 ",0.71%,2.56%,5.17%,8.65%,11.99%,14.50%,17.57%,19.61%,22.32%,25.12%,28.38%,31.74%,34.92%,37.81%,40.92%
R,R1901,LC5,"10,372 ",0.71%,3.26%,6.87%,10.72%,14.19%,17.18%,20.90%,24.13%,27.42%,30.62%,34.02%,36.98%,40.29%,43.15%,46.23%
R,R1902,LC5,"1,834 ",1.09%,2.84%,5.83%,9.16%,11.56%,14.01%,18.21%,21.76%,25.35%,28.63%,32.28%,35.28%,38.66%,42.04%,44.77%
R,R2001,LC5,"7,079 ",0.92%,3.09%,6.36%,9.70%,13.55%,16.77%,20.72%,24.42%,28.04%,31.33%,34.69%,38.31%,41.08%,44.65%,48.16%
R,R2002,LC5,837 ,1.43%,3.58%,6.81%,9.20%,12.07%,17.08%,20.91%,25.33%,29.39%,32.97%,35.84%,38.47%,42.89%,46.83%,51.14%
R,R2101,LC5,"7,848 ",0.64%,2.92%,6.36%,10.14%,14.70%,18.63%,22.59%,26.75%,31.55%,35.18%,39.09%,42.92%,46.15%,50.52%,54.45%
R,R2201,LC5,"7,526 ",0.53%,1.95%,4.09%,7.65%,11.43%,14.68%,18.55%,21.84%,26.14%,29.78%,33.26%,36.54%,40.42%,43.69%,47.93%
R,R2301,LC5,"1,668 ",1.02%,2.52%,5.64%,8.93%,13.31%,17.21%,20.44%,23.62%,27.70%,29.98%,34.71%,38.43%,40.89%,43.17%,45.74%
R,R2302,LC5,"4,499 ",0.82%,2.78%,5.49%,10.02%,14.40%,18.89%,23.25%,28.43%,31.85%,35.45%,40.34%,44.43%,48.59%,53.77%,59.52%
R,R2401,LC5,"10,873 ",0.70%,2.57%,5.73%,9.61%,13.02%,16.75%,20.36%,24.11%,28.27%,32.03%,35.59%,38.81%,42.39%,46.37%,50.57%
R,R2501,LC5,"11,953 ",0.68%,2.42%,5.15%,9.19%,13.26%,16.95%,20.30%,24.07%,28.05%,32.35%,35.74%,39.50%,43.10%,46.19%,50.52%
R,R2601,LC5,"9,080 ",0.65%,2.20%,4.79%,8.52%,12.72%,16.72%,21.26%,25.50%,29.97%,33.93%,37.44%,41.28%,45.09%,49.43%,54.31%
R,R2801,LC5,"13,129 ",0.67%,2.39%,5.31%,8.74%,12.51%,16.51%,19.91%,23.75%,27.48%,31.51%,34.76%,38.34%,41.39%,45.36%,49.39%
R,R2901,LC5,"13,820 ",0.69%,2.63%,5.35%,9.07%,12.84%,16.68%,20.33%,23.98%,27.79%,31.11%,34.53%,38.47%,41.86%,45.91%,49.91%
R,R3001,LC5,"6,907 ",0.84%,2.91%,6.04%,9.74%,12.42%,16.85%,20.54%,23.90%,27.35%,30.82%,34.20%,38.40%,42.10%,45.88%,50.35%
R,R3002,LC5,"3,625 ",0.50%,2.37%,4.94%,9.08%,13.05%,17.35%,20.74%,24.80%,29.54%,33.60%,37.88%,42.15%,46.29%,51.03%,56.22%
R,R3101,LC5,"13,210 ",0.54%,2.33%,4.72%,7.83%,11.14%,14.28%,17.09%,20.04%,23.04%,26.41%,29.98%,33.35%,36.53%,40.29%,43.59%
R,R3201,LC5,"9,340 ",0.45%,2.07%,4.61%,7.47%,10.51%,13.49%,16.20%,18.97%,22.16%,25.01%,28.22%,31.49%,34.12%,36.60%,39.67%
R,R3202,LC5,"5,955 ",1.19%,3.16%,5.86%,9.10%,13.22%,16.83%,19.50%,22.43%,25.66%,29.62%,32.93%,36.19%,39.51%,42.22%,45.10%
R,R3301,LC5,"11,731 ",0.53%,2.11%,5.02%,8.52%,12.33%,16.37%,20.90%,23.98%,28.33%,31.68%,35.50%,39.48%,42.90%,47.26%,52.54%
R,R3401,LC5,"8,406 ",0.98%,2.66%,5.34%,9.05%,12.74%,16.46%,20.37%,23.41%,26.97%,30.56%,34.21%,38.52%,41.71%,44.71%,48.43%
R,R3402,LC5,"2,448 ",0.57%,2.45%,5.96%,8.91%,11.44%,13.85%,16.63%,19.36%,21.81%,24.47%,27.21%,30.31%,32.88%,35.09%,36.85%
R,R3501,LC5,"9,484 ",0.51%,1.77%,4.25%,7.54%,11.48%,15.47%,18.91%,22.76%,26.25%,30.05%,33.65%,37.94%,41.20%,44.44%,48.13%
R,R3601,LC5,"6,269 ",0.72%,2.82%,5.84%,9.84%,14.42%,19.24%,24.20%,29.10%,33.75%,38.28%,42.94%,48.62%,52.58%,56.34%,62.35%
R,R3602,LC5,"2,058 ",1.21%,3.45%,6.12%,9.77%,12.73%,15.45%,18.03%,20.26%,23.18%,25.90%,28.33%,31.97%,34.50%,37.51%,39.80%
R,R3701,LC5,"10,161 ",0.70%,2.40%,5.09%,7.35%,11.47%,15.43%,19.23%,23.16%,27.20%,30.96%,35.32%,39.01%,42.49%,46.55%,50.75%
R,R3801,LC5,"8,972 ",0.88%,2.61%,5.35%,8.96%,12.36%,15.39%,18.50%,21.12%,24.10%,27.11%,29.80%,33.25%,36.12%,39.10%,41.62%
U,U0104,LC5,9 ,,,77.78%,77.78%,77.78%,77.78%,77.78%,77.78%,77.78%,77.78%,77.78%,77.78%,77.78%,77.78%,77.78%
U,U0105,LC5,20 ,,,0.00%,0.00%,0.00%,0.00%,15.00%,15.00%,15.00%,15.00%,15.00%,15.00%,15.00%,15.00%,15.00%
U,U0106,LC5,26 ,,,3.85%,3.85%,3.85%,3.85%,3.85%,3.85%,19.23%,19.23%,19.23%,19.23%,19.23%,19.23%,19.23%
U,U0108,LC5,106 ,,,18.87%,18.87%,18.87%,18.87%,31.13%,31.13%,33.96%,33.96%,33.96%,33.96%,33.96%,33.96%,33.96%
U,U0109,LC5,2 ,,,100.00%,100.00%,100.00%,100.00%,100.00%,100.00%,100.00%,100.00%,100.00%,100.00%,100.00%,100.00%,100.00%
U,U0110,LC5,2 ,,,100.00%,100.00%,100.00%,100.00%,100.00%,100.00%,100.00%,100.00%,100.00%,100.00%,100.00%,100.00%,100.00%
U,U0112,LC5,42 ,,,0.00%,0.00%,0.00%,0.00%,16.67%,16.67%,16.67%,16.67%,16.67%,16.67%,16.67%,16.67%,16.67%
U,U0113,LC5,24 ,,,8.33%,8.33%,8.33%,8.33%,45.83%,45.83%,54.17%,54.17%,54.17%,54.17%,54.17%,54.17%,54.17%
U,U0114,LC5,9 ,,,0.00%,0.00%,0.00%,0.00%,33.33%,33.33%,66.67%,66.67%,66.67%,66.67%,66.67%,66.67%,66.67%
U,U0115,LC5,14 ,,,14.29%,14.29%,14.29%,14.29%,35.71%,35.71%,35.71%,35.71%,35.71%,35.71%,35.71%,35.71%,35.71%
U,U0116,LC5,60 ,,,5.00%,5.00%,5.00%,5.00%,16.67%,16.67%,31.67%,31.67%,31.67%,31.67%,31.67%,31.67%,31.67%
U,U0117,LC5,17 ,,,29.41%,29.41%,29.41%,29.41%,52.94%,52.94%,52.94%,52.94%,52.94%,52.94%,52.94%,52.94%,52.94%
U,U0118,LC5,23 ,,,17.39%,17.39%,17.39%,17.39%,43.48%,43.48%,52.17%,52.17%,52.17%,52.17%,52.17%,52.17%,52.17%
U,U0119,LC5,36 ,,,2.78%,2.78%,2.78%,2.78%,33.33%,33.33%,33.33%,33.33%,33.33%,33.33%,33.33%,33.33%,33.33%
U,U0120,LC5,2 ,,,0.00%,0.00%,0.00%,0.00%,50.00%,50.00%,50.00%,50.00%,50.00%,50.00%,50.00%,50.00%,50.00%
U,U0121,LC5,23 ,,,0.00%,0.00%,0.00%,0.00%,0.00%,0.00%,0.00%,0.00%,0.00%,0.00%,0.00%,0.00%,0.00%
U,U0122,LC5,6 ,,,16.67%,16.67%,16.67%,16.67%,33.33%,33.33%,33.33%,33.33%,33.33%,33.33%,33.33%,33.33%,33.33%
U,U0123,LC5,31 ,,,22.58%,22.58%,22.58%,22.58%,51.61%,51.61%,51.61%,51.61%,51.61%,51.61%,51.61%,51.61%,51.61%
U,U0124,LC5,5 ,,,100.00%,100.00%,100.00%,100.00%,100.00%,100.00%,100.00%,100.00%,100.00%,100.00%,100.00%,100.00%,100.00%
U,U0125,LC5,38 ,,,7.89%,7.89%,7.89%,7.89%,15.79%,15.79%,15.79%,15.79%,15.79%,15.79%,15.79%,15.79%,15.79%
U,U0203,LC5,,,,,,,,,,,,,,,,
,,,,,,,,,,,,,,,,,,
*  不包括專用投票站,,,,,,,,,,,,,,,,,,
*  Excluding Dedicated Polling Stations,,,,,,,,,,,,,,,,,,
